fecha,falla,s59,s103,s247,s510,s477,s129,s28,s33,s316,s21,s124
2008-07-19 11:55:00,0,-1.7264,-0.0042,,64.6707,5.8142,-0.0473,64.2333,9.5126,6.2698,-5419.0,15.93
2008-07-19 12:32:00,0,0.8073,-0.0045,,141.4365,5.8042,-0.0946,68.4222,9.7997,5.6522,-5441.5,15.88
2008-07-19 13:17:00,1,23.8245,-0.0026,0.1729,240.7767,9.1221,-0.1892,67.1333,8.658999999999999,5.7247,-5447.75,15.95
2008-07-19 14:43:00,0,24.3791,-0.0059,0.0191,113.5593,6.4746,0.2838,62.9333,8.6789,5.444,-5468.25,15.59
2008-07-19 15:22:00,0,-12.2945,-0.0045,,148.0663,6.1979,-0.5677,62.8333,8.7677,4.8956,-5476.25,15.71
2008-07-19 17:53:00,0,28.2955,-0.0052,0.0217,68.7351,8.5143,-0.0946,62.3778,9.6484,5.5901,-6058.0,15.88
2008-07-19 19:44:00,0,2.1109,-0.0042,,159.5238,8.8016,-0.4731,60.8,9.1502,4.9162,-6154.0,15.84
2008-07-19 19:45:00,0,29.1309,-0.0057,0.0643,79.1209,11.8759,0.7096,67.3,8.7289,4.8066,-5395.5,15.8
2008-07-19 20:24:00,0,26.9791,-0.0048,0.0306,138.5827,4.9673,0.7096,62.8,9.6234,4.3824,-4196.5,15.8
2008-07-19 21:35:00,0,28.3118,-0.0073,0.0368,86.0068,16.9701,0.7096,67.0333,8.7289,4.9838,-5357.5,15.8
2008-07-19 21:57:00,1,27.8373,-0.0056,0.0579999999999999,87.1111,8.8454,-0.5677,68.7111,8.658999999999999,5.2778,-2727.5,15.71
2008-07-19 22:52:00,1,25.0836,-0.0059,0.0458,67.9406,8.3929,-0.5677,64.7667,9.6234,4.6853,-6097.75,15.86
2008-07-20 03:35:00,0,22.6227,-0.0075,0.0317,94.8247,4.5258,-0.4731,63.3778,8.6789,5.2108,-5521.25,15.84
2008-07-21 08:21:00,0,-1.1927,-0.0047,,55.0265,4.3639,0.0,67.9889,8.7977,6.4674,-6069.75,15.8
2008-07-21 11:53:00,1,17.6382,-0.0041,0.1785,125.5385,5.096,0.0,62.5,9.2007,4.9515,-1431.5,15.8
2008-07-22 00:03:00,0,20.4209,-0.0031,0.0706,263.4538,8.0698,-0.0473,61.2333,9.2007,4.9296,-2694.75,15.82
2008-07-22 02:59:00,0,-8.1182,-0.0071,,68.5315,4.1477,-0.0473,63.3556,9.1283,6.5511,-5757.25,15.82
2008-07-22 08:41:00,0,-5.5327,-0.0066,,89.7338,4.2575,-0.0473,60.2444,8.5762,5.8924,-5612.5,15.82
2008-07-22 11:47:00,0,0.4836,-0.0052,,102.9126,3.9691,-0.4258,66.2,8.6397,6.8608,-5575.25,15.84
2008-07-22 14:00:00,0,22.4736,-0.0016,0.0283,349.2063,18.3408,-0.4258,65.0778,8.6789,5.2005,-5469.25,15.84
2008-07-22 15:30:00,0,3.97,-0.0051,,87.8049,6.5183,-0.4258,67.2,8.6572,7.2532,-5441.0,15.84
2008-07-23 05:15:00,0,0.12,-0.0092,,64.3929,5.817,-0.4258,65.1667,8.6397,6.7289,-5434.0,15.84
2008-07-23 19:22:00,0,-3.6564,-0.0072,,42.9066,4.4621,0.0473,66.3556,8.6397,6.6914,-5310.25,15.88
2008-07-25 15:23:00,1,18.3936,-0.0108,0.2587,60.1156,4.2732,-0.4731,62.5,9.2007,5.1588,-2664.25,16.03
2008-07-27 04:18:00,0,15.3536,-0.0076,0.0225,60.3279,4.0729,0.0946,64.6778,8.7487,5.7899,-2681.75,15.7
2008-07-27 09:37:00,0,2.9964,-0.0071,,65.8494,6.8058,-0.615,67.0333,8.6942,5.196000000000001,-2706.0,16.01
2008-07-27 11:10:00,0,-6.9155,-0.0062,,48.0962,2.1242,-0.615,68.0333,9.7997,5.45,-5611.75,16.01
2008-07-27 15:46:00,0,17.3873,-0.0078,0.0332,69.6774,5.7628,-0.0473,62.8889,8.9336,4.4239,-5369.0,16.05
2008-07-27 16:06:00,0,13.1136,-0.0087,0.0597,60.6581,5.8357,-0.615,66.1667,8.8388,4.1865,-5217.5,16.01
2008-07-27 16:49:00,0,14.7073,-0.0112,0.0635,51.8436,6.1651,-0.0473,65.6333,8.7588,6.2102,-5416.0,15.93
2008-07-27 20:24:00,0,29.5109,-0.0098,0.0292,49.1677,4.0444,-0.0473,68.6444,23.3453,4.6253,-5500.5,16.05
2008-07-27 22:28:00,0,13.1482,-0.0093,0.1551,59.4595,4.6964,-0.615,65.3667,8.8033,5.8491,-5497.75,16.01
2008-07-27 22:28:00,0,-3.3864,-0.0087,,67.6218,5.3197,0.0946,62.6667,9.1283,5.3701,-5507.75,15.87
2008-07-27 23:14:00,0,4.4036,-0.0084,,37.9822,4.6098,0.0946,65.4556,8.8249,4.6444,-2622.5,15.87
2008-07-28 03:31:00,0,17.5473,-0.0093,0.0974,78.7062,4.4298,-0.0473,66.8889,8.9336,4.6263,-6010.25,15.93
2008-07-28 03:48:00,0,-10.1245,-0.006,,95.0,4.3614,0.0946,66.4778,10.0686,4.5125,-5548.0,15.87
2008-07-28 04:37:00,0,13.9782,-0.0091,0.0231,75.513,6.0235,-0.0473,65.2667,8.7588,4.5344,-1362.0,15.93
2008-07-28 05:36:00,0,13.4891,-0.0087,0.0306,57.2246,6.9725,-0.0473,65.2222,8.7588,5.9735,-5452.75,15.93
2008-07-28 06:45:00,1,24.9027,-0.0033,0.0267,172.0755,6.9238,-0.0473,68.3222,8.658999999999999,4.0902,-5493.75,15.93
2008-07-28 08:36:00,0,23.4736,-0.0093,0.0268,40.7507,2.6882,-1.108,70.5111,23.3453,5.4109,-5525.5,15.96
2008-07-28 15:11:00,1,15.1509,-0.0085,0.07,75.2941,5.1087,-0.0473,63.5111,9.1585,4.1708,-5085.25,15.93
2008-07-28 23:57:00,0,-2.6636,-0.0077,,21.9709,3.9721,0.0946,64.1778,8.6074,5.8979,-5626.25,15.87
2008-07-29 04:08:00,0,-2.4636,-0.0082,,70.5167,3.3684,0.0946,62.2889,9.1502,4.9579,-6033.25,15.87
2008-07-29 05:16:00,0,19.3136,-0.0088,0.0346,42.1053,7.127999999999999,-1.204,69.0,10.6376,4.2384,-5415.75,16.1
2008-07-29 06:19:00,0,8.3045,-0.0068,0.0375,76.8946,4.665,-0.4258,60.8444,9.1585,5.5408,-4731.0,15.83
2008-07-29 08:23:00,1,5.03,-0.0056,0.2139,113.0045,13.4098,-0.4258,69.0667,10.6376,5.3607,-5546.5,15.83
2008-07-29 11:47:00,0,12.0945,-0.0071,0.1467,41.0619,5.2191,0.0946,63.1333,8.7487,5.1749,-3281.0,15.9
2008-07-29 15:41:00,0,23.1373,-0.008,0.0221,42.7002,9.4939,0.0946,61.8667,9.2007,4.9516,-4667.25,15.9
2008-07-29 15:49:00,1,25.0382,-0.0091,0.1918,96.9697,13.2681,-1.108,69.0667,23.3453,4.7265,-5300.25,15.96
2008-07-29 17:05:00,1,23.3109,-0.0078,0.0421,18.0064,4.9295,-0.4258,69.5556,8.7495,5.1077,-5553.0,15.83
2008-07-29 18:08:00,1,23.9555,-0.0094,0.0244,49.0667,4.3641,-0.4258,68.3556,23.3453,5.5385,-5394.0,15.83
2008-07-29 21:07:00,0,21.39,-0.0069999999999999,0.0354,90.4847,3.0761,-0.1419,64.4222,8.7487,4.665,-2575.5,15.82
2008-07-29 23:14:00,0,1.5882,-0.0075,0.2956,67.8869,2.8513,-0.1419,67.2667,10.6376,5.5737,-5175.5,15.82
2008-07-29 23:19:00,0,0.6782,-0.0078,,50.0803,4.7511,0.0946,64.0778,8.8249,4.3439,-5545.0,15.9
2008-07-30 06:30:00,0,20.0455,-0.0069999999999999,0.1959,200.7117,6.4725,0.0946,62.3667,9.1784,5.3269,-4520.75,15.9
2008-07-30 07:08:00,0,21.8964,-0.0087,0.0583,33.1903,9.6853,0.0946,64.7111,9.1784,5.4366,-5683.75,15.9
2008-07-30 12:02:00,0,22.8809,-0.0037,0.0503,111.9454,5.2902,0.0473,70.0889,8.7599,5.6503,-5460.5,15.81
2008-07-30 12:29:00,1,2.5209,-0.0055,0.0267,101.1287,4.3093,-0.1419,63.4,8.7487,5.1458,-1368.75,15.82
2008-07-30 21:16:00,1,15.9527,-0.0101,0.0297,31.6049,3.614,-0.615,63.6,9.1784,6.4035,-4490.5,15.71
2008-07-31 13:57:00,0,-1.6545,-0.0066,,80.0,6.5713,0.1892,66.7222,9.7997,5.5012,-5433.25,15.72
2008-07-31 15:36:00,0,6.7391,-0.0038,0.0385,102.6316,6.9887,0.0,68.0222,10.6376,6.0092,-5493.75,15.68
2008-07-31 17:07:00,0,13.8118,-0.0033,0.1661,218.1818,4.9417,0.0473,63.9778,8.7588,4.3153,-2597.0,15.73
2008-07-31 20:18:00,1,18.3209,-0.0057,0.0818,66.5208,2.2849,0.0473,68.0,8.7599,5.115,-5507.5,15.73
2008-08-01 02:02:00,0,16.4582,-0.0057,0.0165,87.7193,4.9435,0.3311,63.5778,9.2405,5.2632,-5667.5,15.76
2008-08-01 05:52:00,1,9.05,-0.0057,0.1343,74.7826,6.364,0.0,68.1222,8.7495,4.4627,-5501.75,15.78
2008-08-01 10:20:00,0,18.8309,-0.0064,0.0221,54.5809,3.4336,0.0,67.8444,8.7495,5.9995,-5382.5,15.83
2008-08-01 10:26:00,0,18.2809,-0.0053,0.0275,89.9297,4.5369,0.0,65.1667,8.6324,4.5431,-5659.25,15.83
2008-08-01 11:28:00,0,19.8,-0.0074,0.0457,53.6913,7.0096,0.0,61.6222,9.2658,5.3492,-5349.0,15.83
2008-08-01 12:29:00,0,11.6818,-0.0069999999999999,0.0251,68.8172,6.6665,0.0,65.6333,8.8033,4.3109,-5597.0,15.83
2008-08-01 14:07:00,0,22.4345,-0.0054,0.0947,102.3256,6.0666,0.0,68.3444,8.7599,4.9353,-5440.5,15.83
2008-08-01 15:10:00,0,17.1627,-0.0069999999999999,0.0489,54.5781,6.3071,0.0,68.3,9.6272,4.6734,-5614.25,15.83
2008-08-02 03:39:00,0,25.4573,-0.0046,0.0439,111.4754,12.1942,-0.3311,70.7667,8.7599,4.7397,-5534.5,15.74
2008-08-03 13:09:00,0,20.5509,-0.0031,0.0545,174.8988,4.0288,0.0473,63.3444,8.7487,4.9899,-2649.25,15.83
2008-08-03 14:06:00,0,18.6827,-0.0078,0.0398,51.4469,7.4078,-0.3311,65.4667,8.8388,5.7303,-5554.25,15.74
2008-08-03 14:25:00,0,25.4427,-0.0055,0.2188,76.0181,6.2376,0.8042,65.2889,9.094,4.0636,-6566.0,15.87
2008-08-03 15:03:00,0,17.6373,-0.0063,0.1725,65.3386,5.0493,0.0473,64.8111,8.7588,5.2115,-5613.75,15.83
2008-08-03 15:27:00,0,24.3509,-0.005,0.1739,90.0,5.3992,0.8042,64.6444,9.094,4.4431,-6546.5,15.87
2008-08-03 16:00:00,0,12.0627,-0.0071,0.0445,79.292,5.309,0.8042,64.6222,9.1784,3.8954,-5652.0,15.87
2008-08-03 17:00:00,0,9.5227,-0.0053,0.1574,54.8463,6.3951,0.0473,60.9222,9.1585,3.9957,-6656.75,15.83
2008-08-03 17:58:00,0,22.9245,-0.0061,0.0958,98.3607,6.6984,-0.3311,67.5333,8.7495,4.746,-5681.5,15.74
2008-08-03 20:23:00,0,9.3336,-0.0092,0.1755,39.2906,8.5107,0.8042,64.0,9.1784,4.49,-5537.5,15.87
2008-08-03 22:52:00,0,12.5391,-0.0071,0.0607,56.6372,9.0303,-0.4731,68.5444,10.6376,4.3171,-5349.25,15.83
2008-08-04 00:39:00,1,12.4309,-0.0063,0.1832,68.6627,10.2688,0.0,62.8333,9.2658,5.3995,-5495.75,15.78
2008-08-04 03:45:00,0,28.6355,-0.0053,0.0649,68.2464,2.6817,-0.4731,67.5222,8.6667,5.2164,-6518.25,15.83
2008-08-04 03:49:00,0,8.6927,-0.006,0.0442,85.5346,3.0731,0.0473,62.6556,9.1784,4.1082,-4556.0,15.83
2008-08-04 13:19:00,0,-5.3055,-0.0054,,46.62,3.6862,-0.4731,64.1667,8.9336,5.2837,-5432.5,15.83
2008-08-04 14:04:00,0,-8.7491,-0.0066,,30.4762,5.0449,-0.4731,66.6889,8.755,4.8942,-5677.75,15.83
2008-08-04 14:31:00,0,26.6582,-0.004,0.1351,62.6959,4.8666,0.0,68.9222,8.7947,5.2537,-6174.5,15.74
2008-08-04 15:29:00,0,28.7064,-0.0047,0.3297,77.2118,3.7282,0.0,68.2222,8.7947,6.8114,-5367.75,15.74
2008-08-04 16:15:00,0,-8.2255,-0.0053,,76.815,5.2293,,66.0889,8.8249,4.7156,-5393.25,
2008-08-04 16:31:00,0,28.1191,-0.0049,0.1551,122.7621,3.5796,0.0,61.2556,9.3851,5.2147,-5594.25,15.74
2008-08-04 17:11:00,0,8.6673,-0.0071,,76.5957,3.5482,-0.3311,67.0222,8.6942,4.6593,-2665.5,15.74
2008-08-04 17:46:00,0,3.8509,-0.0061,,99.389,3.3876,0.0473,60.9111,9.1502,5.468999999999999,-5527.0,15.83
2008-08-04 18:24:00,0,-15.1964,-0.0063,,87.3016,2.1475,,65.2,8.8388,4.2296,-4695.25,
2008-08-04 19:58:00,0,-6.4836,-0.0054,,115.3488,4.0269,0.7569,64.8,8.6942,4.1415,-5491.5,15.68
2008-08-04 20:32:00,0,-11.2182,-0.0058,,65.2361,4.1015,,65.3,9.7997,4.2605,-5463.25,
2008-08-04 20:58:00,1,11.5591,-0.0052,0.0461,117.8744,13.3252,0.0473,62.7556,8.7588,4.1373,-2609.25,15.83
2008-08-04 21:43:00,0,28.4227,-0.005,0.2973,116.5829,6.5265,0.0473,67.1556,8.7947,5.2979,-5497.75,15.76
2008-08-04 22:51:00,0,24.4727,-0.005,0.0987,100.7557,4.8236,0.0473,61.7444,9.3851,5.7258,-5522.25,15.76
2008-08-04 23:33:00,0,5.1345,-0.006,0.4075,103.3333,3.1492,0.0,60.5,9.2007,5.3251,-1502.75,15.74
2008-08-05 00:04:00,0,24.8064,-0.0062,0.0545,45.0704,7.1654,0.0473,67.8111,8.7947,7.6145,-5443.0,15.76
2008-08-05 01:12:00,0,27.6182,-0.0037,0.0418,92.2034,6.3688,0.1419,64.0,9.3851,4.9451,-5668.0,15.66
2008-08-05 02:15:00,0,20.5864,-0.0069,0.1698,70.6306,4.7979,0.1419,66.2556,10.9634,4.4596,-6274.75,15.66
2008-08-05 02:36:00,0,27.6655,-0.0051,0.0463,101.4634,3.9899,0.0473,61.7667,9.3851,5.2551,-5609.5,15.76
2008-08-05 02:45:00,0,29.0264,-0.0056,0.0623,42.5721,6.8027,0.7569,65.7333,9.094,4.6683,-6487.25,15.68
2008-08-05 03:17:00,0,27.7364,-0.0066,0.0249,85.3333,5.9742,0.0,66.9778,10.9634,3.9228,-6361.5,15.74
2008-08-05 03:36:00,0,24.8282,-0.0059,0.0252,64.6809,5.0971,0.7569,61.6444,9.1638,4.1939,-6514.0,15.68
2008-08-05 03:54:00,0,24.6118,-0.0064,0.0471,73.0097,2.9844,0.7569,65.4333,9.094,3.7815,-6541.25,15.68
2008-08-05 04:32:00,0,27.7155,-0.0075,0.1989999999999999,27.8607,10.2301,0.7569,62.9667,9.094,4.2139,-5147.25,15.68
2008-08-05 04:35:00,0,23.7864,-0.0068,0.1278,49.8168,4.8968,0.0473,63.6444,9.1638,4.8339,-6485.5,15.76
2008-08-05 05:11:00,0,20.6,-0.0054,0.0705,127.4827,4.3662,-0.1419,68.3333,8.9336,5.5196,-5409.0,15.64
2008-08-05 06:10:00,0,29.7509,-0.005,0.0279999999999999,151.5152,9.2718,0.0473,67.4,8.6667,3.8059,-6463.0,15.76
2008-08-05 06:11:00,0,23.9945,-0.0066,0.0273,66.7932,3.61,0.0,63.3556,9.2658,5.4282,-5301.0,15.74
2008-08-05 06:21:00,0,16.7909,-0.0055,0.0459,78.0045,3.5774,-0.1419,70.1667,8.7495,5.6383,-5401.75,15.64
2008-08-05 07:12:00,0,23.7136,-0.0057,0.121,68.5714,8.0391,0.0473,64.6556,10.9634,5.8419,-6470.75,15.76
2008-08-05 07:12:00,1,18.5764,-0.004,0.0385,65.2038,13.5349,0.0,60.2667,9.2405,4.4137,-5432.75,15.74
2008-08-05 07:48:00,0,24.2918,-0.0051,0.1286,136.9193,4.2267,0.0473,62.2111,9.1638,6.0972,-5856.75,15.76
2008-08-05 08:50:00,0,25.5127,-0.0044,0.0641,77.2727,5.1949,-0.1419,64.7111,9.094,4.3933,-5657.75,15.64
2008-08-05 09:48:00,0,26.7064,-0.0062,0.0462,54.6185,7.0574,0.0,63.9444,9.2658,4.8126,-5560.75,15.74
2008-08-05 14:17:00,0,8.9136,-0.0039,0.1677,93.9683,7.1799,-0.3311,65.7778,10.6376,4.0809,-5474.25,15.73
2008-08-05 14:45:00,0,8.9418,-0.0017,0.0748,301.4493,4.1464,-0.1419,68.2556,9.6272,5.1314,-5600.5,15.65
2008-08-05 15:45:00,0,6.9918,-0.0057,0.1185,58.1498,5.2587,-0.1419,67.1778,10.0686,4.291,-6068.75,15.64
2008-08-05 20:04:00,0,16.6036,-0.0062,0.021,77.1084,4.1499,0.6623,67.5778,9.6272,5.4277,-5306.5,15.8
2008-08-05 21:07:00,0,16.5255,-0.0017,0.1853,243.4783,3.6188,-0.0946,63.1444,9.2405,5.0727,-6030.25,15.74
2008-08-05 21:22:00,0,29.1918,-0.005,0.1409,88.665,14.6247,-0.3784,65.4778,8.7947,5.9941,-5653.75,15.74
2008-08-05 23:02:00,0,10.08,-0.004,0.0337,82.243,9.4293,0.6623,61.8778,9.0998,4.9691,-5418.25,15.8
2008-08-05 23:06:00,0,3.9055,-0.0068,0.0182,61.7647,6.1617,0.7569,61.8333,9.2405,4.3009,-5641.25,15.68
2008-08-05 23:38:00,0,26.6527,-0.0059,0.0255,79.661,8.766,0.3311,68.4333,8.7947,7.4134,-5538.5,15.7
2008-08-06 00:04:00,0,17.6864,-0.0047,0.0353,113.0667,6.5423,-0.0946,66.9333,8.9336,5.7063,-5261.75,15.74
2008-08-06 02:20:00,0,15.0182,-0.0059,0.1931,62.5793,4.8764,-0.0946,61.6778,9.2658,4.593,-5587.75,15.74
2008-08-06 03:22:00,0,15.7936,-0.0056,0.2107,89.6861,3.4193,-0.0946,69.3333,8.7495,4.0226,-5531.5,15.74
2008-08-06 05:40:00,1,6.6636,-0.0067,0.2239,44.8598,13.3705,0.0,67.6333,9.6272,5.0305,-5456.25,15.74
2008-08-06 09:56:00,0,10.2109,-0.0045,0.0191,93.3333,4.8214,0.6623,63.2778,9.1502,5.1929,-5683.75,15.8
2008-08-06 09:57:00,0,-19.1518,-0.0056,,52.0179,3.4781,,66.0556,8.8388,4.9213,-6563.75,
2008-08-06 12:33:00,0,22.2164,-0.0041,0.0224,104.2424,5.7072,-0.0473,63.9,9.2658,4.0774,-5559.0,15.74
2008-08-06 13:35:00,0,25.8364,-0.0069999999999999,0.1115,46.9751,6.9102,0.3311,63.3778,9.2658,4.7194,-5499.75,15.7
2008-08-06 17:35:00,0,25.9591,-0.0093,0.0667,64.1711,8.6352,0.3311,67.6556,8.6667,3.7323,-6353.5,15.7
2008-08-06 18:00:00,0,23.8864,-0.005,0.0579999999999999,83.3747,3.626,-0.3784,63.5778,9.1638,4.3832,-6599.25,15.74
2008-08-06 18:34:00,0,23.0364,-0.0068,0.0568,56.0886,5.1101,0.3311,67.3111,10.9634,5.6844,-6413.5,15.7
2008-08-06 19:13:00,0,22.7418,-0.0062,0.0421,46.9636,5.1423,0.6623,63.8444,9.1638,4.8832,-6569.5,15.8
2008-08-06 19:24:00,0,-9.2836,-0.0034,,162.3188,5.6813,-0.615,65.9556,9.043,6.4762,-6480.5,15.78
2008-08-06 20:00:00,0,-17.9336,-0.0045,,103.8674,4.7846,-0.615,65.8333,9.043,6.2982,-6364.25,15.78
2008-08-06 20:17:00,0,23.5609,-0.0053,0.0516,78.6885,4.5403,0.0946,62.9667,9.1638,4.7793,-6473.25,15.79
2008-08-06 21:15:00,0,-8.3127,-0.0049,0.0397,77.7494,4.1397,0.0946,64.0778,8.7487,5.3704,-3293.5,15.79
2008-08-06 22:27:00,0,5.3382,-0.0042,0.0507,56.4706,6.0748,-0.0473,63.4889,9.1784,5.4647,-1918.25,15.74
2008-08-06 23:40:00,0,23.8745,-0.0046,0.0853,110.5691,5.5544,0.6623,62.9889,9.0998,5.2167,-5478.25,15.8
2008-08-06 23:45:00,0,27.3427,-0.0071,0.0427,85.7645,6.7229,0.3311,68.0444,8.6667,3.665,-6472.5,15.7
2008-08-07 00:51:00,0,17.3018,-0.0057,0.1614,116.5563,6.5557,0.0946,63.0,9.2405,5.4289,-6235.25,15.68
2008-08-07 07:30:00,0,26.2655,-0.0069999999999999,0.3002,58.5714,7.3145,0.1892,66.2222,8.7947,6.0744,-6449.75,15.78
2008-08-07 08:21:00,0,-21.2055,-0.0073,,54.8885,5.8753,0.0946,65.3222,8.755,4.8407,-6169.5,15.79
2008-08-07 08:45:00,0,-7.5382,-0.0071,,66.4311,3.5277,0.1892,65.0444,9.043,4.7816,-5550.5,15.78
2008-08-07 08:55:00,0,4.3109,-0.0037,,126.5993,4.5025,-0.0946,64.0,8.8741,6.32,-5448.5,15.74
2008-08-07 10:12:00,0,29.1164,-0.0056,0.0933,66.5169,7.5726,0.6623,66.7111,10.9634,4.593999999999999,-6352.0,15.8
2008-08-07 11:10:00,0,15.8609,-0.0043,0.3004,86.8035,2.7354,0.0946,67.9778,8.7599,3.9193,-5098.25,15.68
2008-08-07 11:40:00,1,26.7745,-0.006,0.1085,68.7631,5.7668,0.6623,65.8,8.6667,4.422,-6362.5,15.8
2008-08-08 04:55:00,0,-3.2509,-0.0043,,142.6901,7.3364,0.0946,70.2444,8.6309,4.8207,-6290.25,15.79
2008-08-08 07:26:00,0,0.2309,-0.0054,,65.1163,5.9349,0.6623,61.2222,9.1502,5.0611,-5389.25,15.8
2008-08-08 08:44:00,1,26.4509,-0.0057,0.0543,98.0306,3.6881,-0.0473,63.9,9.1638,4.8377,-6538.75,15.74
2008-08-08 12:37:00,1,-12.1527,-0.0043,,141.0405,5.0961,-0.0946,69.0111,8.6309,4.4012,-6349.5,15.77
2008-08-08 20:21:00,0,-1.5664,-0.0049,0.1606,117.2237,3.686,0.1419,71.1222,9.2436,5.7831,-5599.5,15.8
2008-08-08 21:22:00,0,14.6455,-0.0056,0.0503,97.7778,6.002000000000001,0.7569,68.8556,8.3754,5.337000000000001,-5645.25,15.73
2008-08-08 21:53:00,0,9.6745,-0.0014,0.0324,289.6552,5.6653,0.1419,63.2556,9.0998,5.585,-5447.75,15.8
2008-08-08 22:06:00,0,9.8418,-0.0054,0.0193,68.046,4.8133,0.7569,67.6333,8.3754,4.8314,-5501.0,15.73
2008-08-08 22:25:00,0,-5.8682,-0.0065,,79.5411,3.9347,-0.3784,63.3889,8.755,4.7371,-4228.0,15.74
2008-08-09 02:15:00,0,-12.1373,-0.0061,,63.8037,3.406,0.7569,65.3556,9.043,6.3078,-5645.5,15.73
2008-08-09 02:37:00,0,12.8364,-0.0054,0.2355,81.10600000000001,4.4067,0.7569,69.8778,8.7599,4.6985,-5596.5,15.73
2008-08-09 06:05:00,0,9.4982,-0.0045,0.1431,61.5385,4.0783,0.2365,68.3444,8.3754,3.9338,-5750.0,15.79
2008-08-09 09:16:00,1,2.5827,-0.0061,0.1309,111.7043,8.3284,0.1419,70.1889,9.4832,5.2221,-5384.25,15.8
2008-08-09 09:22:00,0,15.1073,-0.0065,0.1219,93.8462,6.7649,0.2365,70.4,8.3754,5.0504,-5581.0,15.79
2008-08-09 11:42:00,1,4.4282,-0.0066,0.0264,74.1021,6.9769,0.0,69.3222,9.4832,4.5434,-6063.0,15.77
2008-08-09 17:34:00,0,17.7927,-0.0022,0.2001,205.5866,8.3238,0.0,61.3222,9.2405,6.2823,-5508.75,15.77
2008-08-09 19:03:00,0,22.7927,-0.0051,0.131,147.4201,8.4149,0.0,63.3778,9.0998,5.4789,-5707.5,15.77
2008-08-09 20:04:00,0,4.6609,-0.0043,0.0711,136.0231,4.2114,0.1419,65.5111,8.7487,5.8307,-5073.25,15.8
2008-08-09 21:07:00,0,26.0509,-0.0029,0.2147,160.0,4.5307,0.0,65.3111,8.6667,4.2122,-6377.5,15.77
2008-08-09 22:15:00,0,17.1673,-0.0022,0.0496,113.6364,4.9413,-0.0946,62.7444,9.2405,6.4075,-5535.25,15.83
2008-08-09 22:37:00,0,27.7282,-0.0019,0.026,252.6316,8.1183,-0.0946,65.8444,8.6667,4.5623,-6425.0,15.83
2008-08-09 23:17:00,0,-13.1245,-0.0052,,126.9231,2.9643,0.0,67.8222,8.6309,3.7293,-6274.75,15.77
2008-08-09 23:34:00,0,-10.8745,-0.0043,,41.6185,3.8138,0.1419,63.3111,8.8945,5.0754,-5529.25,15.8
2008-08-10 00:09:00,0,-13.3573,-0.0059,,84.5666,2.8962,-0.0946,68.1556,8.6309,5.0243,-5442.25,15.83
2008-08-10 00:46:00,0,-2.2809,-0.0052,,89.3204,4.0304,0.0,68.0444,9.8481,4.1319,-6149.25,15.77
2008-08-10 06:00:00,1,4.9745,-0.0062,0.1286,65.99600000000001,3.4412,0.7569,62.7889,9.0998,6.13,-5664.0,15.73
2008-08-10 06:41:00,0,0.3764,-0.0052,,69.0647,2.9581,0.1419,69.9333,8.6309,5.3784,-5527.0,15.8
2008-08-10 07:01:00,1,27.4136,-0.0048,0.0343,77.6903,10.0883,0.0,63.7889,9.0998,6.987,-5376.25,15.77
2008-08-10 11:16:00,0,-10.1291,-0.0047,,86.7725,7.7442,0.0946,65.5778,8.8249,4.313,-2595.0,15.79
2008-08-10 11:49:00,0,-11.4709,-0.0037,,202.7397,3.3268,-0.0946,68.9444,9.8481,5.4805,-6355.25,15.83
2008-08-10 12:22:00,0,3.8964,-0.0054,,64.9652,3.7055,0.1419,67.8,8.6942,4.9096,-4592.0,15.66
2008-08-10 15:59:00,1,12.8982,-0.0047,0.0265,74.6667,8.285,0.2365,61.3333,9.2007,5.4567,-1480.75,15.79
2008-08-10 19:07:00,0,0.4836,-0.0018,0.1903,126.8966,6.4110000000000005,0.7569,65.5889,8.6324,5.4037,-5753.5,15.73
2008-08-10 20:07:00,1,12.3073,-0.0049,0.0592,123.5443,14.3439,0.1419,64.1333,9.1502,5.5162,-5345.0,15.8
2008-08-10 22:26:00,1,21.7573,-0.0054,0.0829,171.1628,5.7213,0.1419,63.1333,9.094,5.5,-7150.25,15.8
2008-08-11 03:06:00,0,10.0236,-0.0062,0.0752,60.1626,8.1842,-0.1892,66.7,8.5155,5.3995,-5500.0,15.72
2008-08-11 04:09:00,0,8.0636,-0.0067,0.0216,56.7164,6.2537,-0.1892,67.7222,8.872,4.4058,-4781.5,15.72
2008-08-11 05:15:00,0,2.0427,-0.0055,0.0805,101.8182,8.6072,-0.1892,63.7556,9.2362,5.3712,-5336.5,15.72
2008-08-11 11:35:00,0,17.4,-0.0046,0.0593,157.377,5.1848,-0.1419,67.4,8.8287,4.9574,-6112.25,15.77
2008-08-11 12:38:00,0,3.28,-0.004,0.0174,160.4938,3.5925,-0.1892,64.7333,8.6324,4.9891,-5646.5,15.72
2008-08-12 04:23:00,0,9.2527,-0.006,,95.5975,2.9261,-0.1419,66.5444,8.6942,3.9714,-3345.75,15.64
2008-08-12 06:16:00,0,-17.3591,-0.0084,,33.383,6.8912,0.0482,64.7889,8.8249,4.5489,-2668.5,15.8
2008-08-12 10:54:00,0,-9.4964,-0.0032,,86.8217,4.1991,0.0482,64.9,9.043,4.9675,-6377.0,15.8
2008-08-12 11:29:00,0,-7.9627,-0.0057,,124.5614,3.7271,0.0482,65.4444,8.8945,3.8465,-5440.25,15.8
2008-08-12 12:04:00,0,1.1173,-0.0054,0.0262,150.8046,3.9221,0.0482,62.8778,9.0998,5.8851,-5485.0,15.8
2008-08-13 02:48:00,0,8.3918,-0.0058,0.0454,68.6695,4.6918,-0.0946,67.7333,8.5155,5.9989,-5394.0,15.74
2008-08-15 03:26:00,0,-15.5318,-0.0039,,167.2026,3.3351,0.1892,63.9889,8.8945,5.7133,-5490.0,15.71
2008-08-15 04:14:00,0,9.6564,-0.0072,0.0701,37.5,8.3146,0.7096,62.6778,9.219,6.1242,-6886.25,15.8
2008-08-15 05:13:00,0,13.7,-0.0065,0.087,68.0851,5.5864,0.1892,69.9,8.5218,7.0901,-5487.0,15.88
2008-08-15 09:38:00,0,6.5191,-0.0055,,70.7483,6.4151,-0.1892,67.5667,8.828,5.1286,-6368.75,15.93
2008-08-15 10:14:00,0,5.3118,-0.0051,,68.6275,3.7268,-0.1892,67.4222,9.2281,5.145,-5619.5,15.93
2008-08-15 11:42:00,0,7.7745,-0.0047,0.1628,106.383,3.4881,-0.1892,64.0333,9.2655,5.3347,-6329.25,15.93
2008-08-15 18:19:00,0,23.9018,-0.0075,0.1864,106.136,8.4806,0.0,69.3778,8.8287,7.5297,-5466.5,15.91
2008-08-15 19:19:00,0,-0.3327,-0.0035,,103.5971,6.2662,0.0946,66.5778,8.8513,5.1327,-5561.75,15.87
2008-08-15 20:00:00,0,20.7782,-0.0067,0.0312,81.6327,12.0902,0.0,69.6111,8.5218,6.0295,-5440.75,15.91
2008-08-15 20:03:00,0,24.26,-0.0039,0.0333,125.2396,3.8906,0.3784,67.6556,8.5218,6.0407,-5426.75,15.91
2008-08-15 23:31:00,0,6.7073,-0.0053,,90.9953,4.3994,0.0946,66.2556,8.5266,5.4263,-5635.5,15.87
2008-08-16 02:21:00,0,29.7264,-0.0052,0.0322,65.3846,7.4258,0.0,68.0,9.7484,6.1614,-5794.25,15.91
2008-08-16 05:47:00,0,11.4855,-0.0067,0.1383,62.3377,6.3958,0.5677,68.8111,8.5155,6.2639,-5972.75,15.96
2008-08-16 06:52:00,0,28.3127,-0.0037,0.0338,175.3425,4.7052,0.5677,69.9222,8.8287,5.9969,-5550.75,15.96
2008-08-16 07:33:00,0,13.7255,-0.0056,0.2234,92.6503,3.996,0.5677,66.1222,8.6324,4.6523,-5503.5,15.96
2008-08-16 08:39:00,0,18.8673,-0.0066,0.0503,37.594,7.4999,0.5677,66.2778,9.5642,6.6952,-6345.75,15.96
2008-08-16 08:41:00,0,5.5782,-0.0048,0.2104,75.5906,4.5757,0.5677,70.5333,8.6406,6.0111,-6434.75,15.96
2008-08-16 09:44:00,1,25.5282,-0.0067,0.0801,65.3061,5.6325,0.0,70.9778,9.3998,5.0178,-6511.5,15.91
2008-08-16 13:51:00,0,5.9945,-0.0002,,0.0,3.4933,1.608,68.1778,8.8513,6.5219,-6403.75,15.83
2008-08-16 14:30:00,0,2.7764,-0.0007,,0.0,7.4219,1.608,68.3222,8.5266,6.4494,-5407.75,15.83
2008-08-16 15:16:00,0,2.6173,-0.0054,,68.8372,5.9411,1.608,69.2,8.8513,5.0680000000000005,-5617.5,15.83
2008-08-16 15:19:00,1,20.8336,-0.0048,0.0769,98.9474,8.0386,0.5677,69.0667,8.5218,5.3134,-6057.25,15.96
2008-08-16 23:48:00,0,27.3,-0.0059,0.0555,111.3924,8.8334,0.7569,61.7222,9.3998,5.4985,-6448.0,15.83
2008-08-17 00:52:00,0,5.4191,-0.0092,0.0377,44.3243,4.3832,0.7569,70.9556,8.6406,6.3502,-6508.5,15.83
2008-08-17 01:53:00,0,5.9136,-0.0087,0.0294,57.4713,3.0996,0.7569,67.6667,9.2281,6.8395,-5771.25,15.83
2008-08-17 03:17:00,0,5.3782,-0.0095,0.1008,34.7826,5.5785,0.7569,70.0444,8.6406,6.272,-6401.75,15.83
2008-08-17 03:18:00,0,-11.2309,-0.0086,0.1418,87.2093,6.9396,0.7569,62.5111,9.2171,5.2961,-5076.25,15.83
2008-08-17 03:46:00,0,-1.8473,-0.0049,0.0446,108.9974,8.9647,0.0,67.2333,8.7879,6.1053,-5518.0,15.83
2008-08-17 04:19:00,0,25.43,-0.0067,0.0878,46.1825,9.9046,0.0,68.9,8.8287,5.6444,-6308.5,15.83
2008-08-17 05:21:00,0,15.4555,-0.0067,0.0447,52.4345,15.763,0.7569,67.9667,8.5155,5.8376,-6153.5,15.83
2008-08-17 12:16:00,1,0.7582,-0.0091,0.0413,61.3699,7.0841,0.7569,61.5778,9.219,5.6836,-5511.75,15.83
2008-08-17 13:34:00,0,-12.0473,-0.0055,,99.5475,10.8564,0.0,65.1333,8.5177,8.8849,-6417.25,15.83
2008-08-17 14:21:00,0,-10.2673,-0.0052,,57.4163,9.8766,0.0,67.5889,8.5177,7.7594,-6483.25,15.83
2008-08-17 15:25:00,0,1.1591,-0.0099,0.1884,56.6372,7.1718,-0.2838,63.9222,9.2171,5.1284,-6480.25,15.82
2008-08-17 21:26:00,1,-11.8245,-0.0083,0.0817,49.1018,4.7533,-0.2838,62.9889,9.2171,4.6801,-5426.25,15.82
2008-08-17 22:03:00,1,8.4236,-0.0042,0.0402,132.5301,10.099,1.608,67.2222,8.6013,5.5239,-5505.5,15.83
2008-08-17 22:21:00,0,18.6045,-0.0061,0.024,73.6196,20.9542,0.0,65.8222,8.6013,5.3069,-5584.5,15.73
2008-08-17 23:04:00,1,8.9764,-0.0035,0.0439,129.4964,10.1224,0.0,66.8556,8.6013,5.8925,-6375.0,15.91
2008-08-17 23:20:00,0,0.7218,-0.0103,0.0443,56.1743,4.1323,-0.5677,63.4889,9.2171,5.5683,-5465.0,15.9
2008-08-17 23:55:00,1,-1.42,-0.0013,,400.0,7.3182,0.0,67.7111,9.2281,6.2946,-4970.75,15.88
2008-08-18 00:02:00,1,9.2082,-0.0042,0.0907,149.1124,9.6042,0.7569,65.6778,8.6013,7.1479,-5181.5,15.83
2008-08-18 00:20:00,0,12.1609,-0.0069999999999999,0.0653,60.1073,5.6767,0.0,68.8222,8.6013,5.7847,-6351.5,15.73
2008-08-18 01:23:00,1,8.5273,-0.0078,0.0302,37.299,8.1226,0.0,69.4333,8.8287,5.9026,-5230.25,15.83
2008-08-18 04:01:00,1,17.1745,-0.0066,0.0776,46.7043,9.4912,0.0,67.9,8.5788,5.081,-6393.25,15.83
2008-08-18 04:12:00,0,5.7855,-0.0072,0.0203,56.9444,12.6203,-0.2838,69.6778,8.536,6.8729,-5367.75,15.82
2008-08-18 04:35:00,0,14.4382,-0.0091,0.2005,73.5254,9.8466,-0.4258,66.2778,8.5952,5.2764,-6356.0,15.9
2008-08-18 05:03:00,0,11.6964,-0.0034,0.0225,143.2836,7.26,-0.5677,69.8333,8.6527,6.0657,-5175.5,15.9
2008-08-18 05:25:00,0,18.0545,-0.0013,0.0435,439.2157,6.3828,-0.5677,69.7889,8.6829,5.2245,-4992.0,15.9
2008-08-18 06:07:00,0,20.7055,-0.0097,0.0345,39.0746,7.727,-0.4258,68.5667,9.1757,7.2747,-6834.5,15.9
2008-08-18 06:11:00,0,1.1273,-0.0088,0.0263,43.3666,2.8784,-0.5677,61.0667,9.2171,5.2077,-6353.75,15.79
2008-08-18 06:26:00,0,16.4073,-0.0041,0.0873,124.3902,6.6161,-0.5677,71.7222,8.6829,6.7371,-6425.5,15.9
2008-08-18 07:11:00,0,5.4018,-0.0098,0.0254,94.6565,3.3141,-0.5677,70.4444,8.6406,6.1648,-6565.5,15.79
2008-08-18 07:23:00,0,26.8609,-0.0098,0.0211,43.7659,6.0001,-0.5677,66.6889,8.6211,5.689,-5291.5,15.79
2008-08-18 07:29:00,0,23.7709,-0.0115,0.0632,47.8261,5.1866,-0.2838,64.0333,9.2655,6.8046,-5521.25,15.82
2008-08-18 08:18:00,0,-0.84,-0.0067,,60.0375,7.4516,-0.5677,68.4222,8.828,6.9261,-6346.0,15.9
2008-08-18 08:31:00,0,25.4264,-0.0076,0.2398,57.7049,6.5942,-0.5677,69.0556,8.5155,5.4919,-5213.75,15.79
2008-08-18 10:13:00,0,26.6136,-0.0097,0.1802,45.478,4.4058,-0.3784,71.2444,9.3998,5.5287,-6454.5,15.92
2008-08-18 11:04:00,0,-6.5391,-0.0089,0.0515,33.7079,6.0001,-0.4258,69.3778,8.536,6.6604,-5532.5,15.9
2008-08-18 12:00:00,0,0.1518,-0.0107,0.0323,47.5524,3.0125,-0.3784,67.1778,9.5713,8.5149,-5064.0,15.92
2008-08-18 12:06:00,0,2.8245,-0.01,0.0665,36.0,4.2813,-0.4258,68.2,9.5713,7.7646,-6273.5,15.9
2008-08-18 12:22:00,0,12.1818,-0.0079,0.0444,87.8981,5.6722,-0.5677,70.1222,8.531,5.8436,-6267.75,15.79
2008-08-18 12:49:00,0,19.5609,-0.0074,0.1307,63.621,6.634,-0.4258,70.5111,9.4832,5.0632,-6426.5,15.87
2008-08-18 13:07:00,0,-1.1609,-0.0094,0.0328,73.6,5.8827,-0.5677,68.1556,8.9416,8.134,-5284.75,15.79
2008-08-18 14:01:00,0,18.63,-0.0096,0.0381,85.8639,3.6188,-0.4258,62.9556,9.2433,5.8716,-6267.75,15.9
2008-08-18 14:04:00,0,20.7118,-0.0093,0.0448,39.8385,4.7381,-0.3784,72.9222,9.4832,6.3369,-6452.5,15.92
2008-08-18 14:45:00,0,-11.9682,-0.0105,0.0856,37.276,7.0926,-0.3784,69.3889,8.5218,6.2281,-5423.0,15.92
2008-08-18 15:00:00,0,16.8445,-0.0107,0.0825,57.9439,9.8085,-0.9934,63.9778,9.2655,5.6722,-6198.5,15.89
2008-08-18 15:26:00,0,14.0382,-0.0084,0.0292,30.9524,8.5491,-0.3784,66.5444,8.5952,7.6137,-5711.0,15.92
2008-08-18 15:30:00,0,28.4009,-0.0104,0.0354,41.4458,3.1529,-0.5677,63.7778,9.5642,6.6127,-5657.5,15.79
2008-08-18 15:33:00,0,22.1827,-0.008,0.0262,64.7975,8.7564,-0.9934,68.2,8.5405,5.2143,-6528.5,15.89
2008-08-18 15:41:00,0,9.1882,-0.0086,0.0202,45.152,5.9269,-0.3784,63.0556,9.5642,6.9848,-6363.0,15.92
2008-08-18 16:19:00,0,1.5018,-0.0075,0.061,61.4357,10.8289,-0.9934,67.4556,9.5713,6.0561,-6334.25,15.89
2008-08-18 17:13:00,1,16.0155,-0.0081,0.0431,54.0707,8.5333,-0.9934,68.1556,9.4043,6.3346,-6431.75,15.89
2008-08-18 17:16:00,0,2.5027,-0.0095,0.0292,32.7177,7.8622,-0.9934,67.4222,9.5713,6.7768,-5410.0,15.89
2008-08-18 17:37:00,0,87.0391,-0.0084,0.0585,59.4354,146.4232,-0.3784,68.0444,9.1757,5.4855,-5677.5,15.92
2008-08-18 19:24:00,0,0.7591,-0.0062,,56.6802,4.3304,-0.3784,69.9222,8.828,5.9401,-5848.5,15.92
2008-08-18 19:54:00,1,9.8782,-0.0077,0.0236,60.8414,6.9596,-0.9934,66.6889,8.6211,5.2386,-5392.25,15.89
2008-08-18 23:00:00,0,15.6791,-0.0101,0.0455,40.4938,8.6597,-0.0473,68.5444,8.5788,6.4183,-6350.5,15.82
2008-08-18 23:03:00,0,16.2418,-0.0071,0.0429,43.739,6.1628,0.4258,67.5222,8.5788,5.2618,-6277.75,15.85
2008-08-18 23:47:00,0,10.3745,-0.0088,0.2984,35.378,6.9014,-0.0473,63.4111,9.2655,6.1148,-5421.5,15.82
2008-08-19 01:10:00,0,2.5045,-0.0084,0.0563,71.3224,6.1803,-0.0473,68.4111,8.9416,5.9336,-5316.75,15.82
2008-08-19 03:59:00,1,24.14,-0.0096,0.0385,32.2078,8.171,0.4258,67.1444,9.1757,5.2159,-5242.25,15.85
2008-08-19 04:58:00,0,23.7109,-0.0105,0.0381,56.9395,6.3497,-0.0946,68.1444,8.872,5.4707,-5751.5,15.85
2008-08-19 05:09:00,0,5.78,-0.0112,0.2529,39.3296,7.2905,0.0,69.4222,8.6406,5.3361,-6459.75,15.9
2008-08-19 05:11:00,0,-0.18,-0.0122,0.0246,48.3112,3.2597,0.0,63.9111,9.219,7.9306,-5328.25,15.9
2008-08-19 05:11:00,0,-8.6082,-0.0104,0.049,41.3959,5.2385,-0.0946,63.3444,9.2171,5.2263,-6345.0,15.85
2008-08-19 05:40:00,0,22.7173,-0.0096,0.0412,23.8651,5.3468,0.0,65.2556,8.7879,6.2124,-5302.75,15.9
2008-08-19 05:41:00,0,20.0236,-0.0096,0.0364,51.2418,8.0814,-0.0946,69.6889,8.872,4.7587,-5413.0,15.85
2008-08-19 05:53:00,0,17.9782,-0.0089,0.0328,57.0629,7.9506,0.5204,66.2556,8.5218,5.0783,-5228.25,15.84
2008-08-19 05:54:00,0,17.7327,-0.0079,0.0401,23.9748,9.9305,-0.0946,66.1111,8.6324,6.0165,-6322.0,15.85
2008-08-19 05:56:00,1,1.3718,-0.0093,0.0743,62.0321,4.313,0.4258,63.6111,9.2655,5.3321,-6278.5,15.85
2008-08-19 06:24:00,0,2.0373,-0.0058,0.0623,87.7419,5.3147,-0.0946,69.8444,8.6527,7.4826,-5485.25,15.85
2008-08-19 07:43:00,0,1.4218,-0.0083,0.2045,41.0876,5.4321,-0.5204,67.6222,9.1757,7.5351,-5429.0,15.87
2008-08-19 07:58:00,1,22.4382,-0.0086,0.0259,48.8372,6.1088,0.4258,68.3222,8.5218,6.1843,-5278.0,15.85
2008-08-19 08:01:00,0,14.9018,-0.0075,0.1183,34.6667,7.8561,-0.5204,63.8889,9.5642,5.925,-5143.5,15.87
2008-08-19 08:07:00,0,4.4391,-0.0128,0.038,34.375,7.7847,0.0,69.6778,8.6406,6.711,-6483.75,15.9
2008-08-19 08:33:00,0,-15.31,-0.0051,,38.9294,3.5082,-0.5677,59.9889,9.2328,6.9933,-6338.75,15.9
2008-08-19 09:04:00,0,27.3227,-0.0083,0.0519,34.7826,3.0522,-0.5204,66.0667,9.7484,7.3823,-5486.25,15.87
2008-08-19 09:05:00,0,2.78,-0.0069,,32.1168,10.4267,,67.4333,9.2291,7.006,-6463.25,
2008-08-19 10:46:00,0,18.1782,-0.0109,0.0516,38.4,10.2601,1.608,63.4,9.219,5.612,-5398.5,15.83
2008-08-19 11:11:00,0,22.3736,-0.0084,0.0744,69.9259,9.6886,1.419,66.7111,8.5405,4.8209,-6294.25,15.8
2008-08-19 11:13:00,0,24.4791,-0.0074,0.0555,71.7428,7.7394,1.419,62.7,9.2433,5.8192,-6380.0,15.8
2008-08-19 11:13:00,0,20.7209,-0.0084,0.0217,63.3782,4.6032,1.419,65.0,8.6211,6.0915,-6205.0,15.8
2008-08-19 11:28:00,0,6.2045,-0.003,0.237,136.0996,11.9213,1.419,68.2,8.5459,5.8126,-6349.0,15.8
2008-08-19 11:44:00,0,6.9082,-0.0077,0.0351,62.3377,8.6041,1.419,70.4556,8.872,5.71,-6237.25,15.8
2008-08-19 11:46:00,0,23.2655,-0.0075,0.0457,75.6219,5.8803,1.419,66.2444,8.7879,5.4597,-5523.75,15.8
2008-08-19 11:57:00,0,-7.8309,-0.0097,0.1198,64.2487,8.6692,1.419,68.5444,8.5952,7.1979,-5418.0,15.8
2008-08-19 11:58:00,0,0.5373,-0.0094,0.1903,36.0265,3.417,1.419,66.2667,8.536,3.7388,-5255.75,15.8
2008-08-19 12:30:00,0,3.1136,-0.0094,0.0344,50.0,7.6393,0.5204,66.4444,8.5405,6.8944,-6406.25,15.84
2008-08-19 15:33:00,0,25.1891,-0.0105,0.0574,45.8781,10.5165,-0.5204,64.9667,8.6211,4.8892,-6314.0,15.87
2008-08-19 18:12:00,0,1.23,-0.005,0.2246,97.5124,4.138999999999999,0.2838,69.9556,8.6829,5.7926,-5745.0,15.92
2008-08-19 18:12:00,0,13.5955,-0.01,0.0516,57.2146,8.3351,0.8042,68.9444,9.7484,5.888999999999999,-6470.0,15.88
2008-08-19 18:30:00,0,-2.9273,-0.0093,0.0479,38.5542,6.0746,0.8042,69.4,8.9416,4.9208,-5324.0,15.88
2008-08-19 18:30:00,0,13.3745,-0.0086,0.2332,59.4752,5.0984,0.8042,69.4556,9.1757,6.002999999999999,-5613.5,15.88
2008-08-19 19:38:00,0,27.4627,-0.01,0.0315,36.8618,4.4594,0.8042,72.8222,9.3998,5.8049,-6312.25,15.88
2008-08-19 20:53:00,0,4.9991,-0.0046,,109.2896,6.7235,,68.1444,9.0622,5.9614,-5516.75,
2008-08-20 00:05:00,0,1.9145,-0.0029,,184.3478,6.2091,0.0,69.7778,8.8513,6.9949,-5411.25,15.9
2008-08-20 01:33:00,0,9.5927,-0.0072,0.3021,52.4138,4.0186,-0.4258,68.2556,8.9416,7.0251,-5194.0,15.85
2008-08-20 01:42:00,0,1.8182,-0.0068,,39.7059,5.0858,-0.5204,66.3778,8.5266,5.5382,-5742.25,15.87
2008-08-20 02:13:00,0,22.6936,-0.0083,0.0252,65.1584,9.1891,0.5204,69.9333,8.531,5.3561,-6253.5,15.75
2008-08-20 02:27:00,1,19.1027,-0.0083,0.0248,26.546,6.9064,0.5204,66.9778,9.7484,4.2466,-5387.5,15.75
2008-08-20 03:00:00,0,3.3055,-0.0085,0.0337,50.6627,14.2375,-0.4258,68.5889,8.9416,6.0876,-5394.75,15.85
2008-08-20 03:12:00,1,13.6809,-0.0088,0.2817,74.7875,4.676,0.5204,66.4556,8.6211,7.4121,-5033.0,15.75
2008-08-20 06:36:00,0,26.9136,-0.0089,0.0456,70.4895,4.2396,0.5204,71.9778,9.4832,6.5545,-6404.5,15.75
2008-08-20 07:12:00,0,0.1427,-0.0062,0.0486,82.5911,13.7105,0.4258,69.2778,8.9546,4.5201,-5407.75,15.67
2008-08-20 08:40:00,1,14.75,-0.0081,0.0438,105.4264,9.9885,-0.2838,68.2333,8.531,6.106,-6390.0,15.82
2008-08-20 09:17:00,1,8.0955,-0.0106,0.0916,33.8425,6.9474,0.5204,67.4667,9.5713,5.9448,-6383.75,15.75
2008-08-20 10:26:00,0,0.8873,-0.005,,60.3015,3.9097,0.8042,70.0778,8.4092,6.7706,-6280.75,15.88
2008-08-20 16:08:00,0,1.77,-0.0092,0.0264,53.406000000000006,3.7064,0.2838,69.1333,8.7219,5.6249,-5624.25,15.82
2008-08-20 16:16:00,0,21.1082,-0.01,0.0562,47.9401,5.7399,0.0,66.4,8.6211,6.6207,-6266.25,15.73
2008-08-20 17:09:00,0,4.6327,-0.0122,,34.4615,3.6741,-0.0473,69.3222,8.5266,5.6047,-5469.5,15.88
2008-08-20 17:35:00,0,10.7709,-0.0101,0.1817,43.4568,8.6732,-0.4258,65.5889,8.5405,5.4104,-6308.75,15.85
2008-08-20 17:36:00,0,4.4155,-0.0081,,30.6748,4.5129,0.0473,70.5667,8.828,6.9078,-6395.5,15.77
2008-08-20 18:29:00,0,4.4091,-0.0069999999999999,0.0557,71.1744,6.7011,0.0,67.2667,8.531,5.9585,-6326.25,15.73
2008-08-20 18:35:00,0,-10.37,-0.0117,,44.3497,4.4544,-0.0473,68.4333,8.5177,5.9763,-6439.0,15.88
2008-08-20 19:20:00,1,5.8091,-0.0086,0.0305,48.6957,4.3589,-0.0946,,8.7879,5.3249,,15.85
2008-08-20 20:19:00,0,2.0664,-0.0092,0.0185,41.3605,7.1405,0.2838,69.9778,8.8505,5.7407,-6316.5,15.82
2008-08-20 21:33:00,0,-0.2173,-0.0139999999999999,0.023,47.8571,3.1175,0.2838,68.6556,8.8505,5.4296,-6214.5,15.82
2008-08-20 21:41:00,0,4.97,-0.0125,0.0222,73.0924,4.5134,0.2838,69.4778,8.8505,5.067,-6330.0,15.82
2008-08-20 21:58:00,0,1.4036,-0.0058,,84.1202,2.7193,0.8042,68.8444,8.4092,6.5322,-6224.75,15.88
2008-08-20 22:13:00,0,2.9536,-0.0108,0.0197,18.6047,4.0489,0.0473,69.7111,8.3754,5.4449,-5504.25,15.77
2008-08-20 22:45:00,0,-0.5691,-0.0072,,76.6551,3.3826,0.6623,68.7667,9.2291,8.067,-6420.25,15.73
2008-08-20 23:18:00,0,5.8727,-0.0067,,97.0149,4.7116,0.2838,67.7444,8.5266,6.397,-5300.5,15.92
2008-08-20 23:43:00,1,14.0673,-0.0108,0.1727,23.2288,6.0691,0.0,66.3556,8.5952,8.3024,-6124.75,15.73
2008-08-21 02:11:00,0,-5.6018,-0.0026,0.1873,247.343,5.7121,0.0,66.9222,8.3324,5.5076,-5558.25,15.73
2008-08-21 02:46:00,0,2.0009,-0.0099,0.0219,59.596,7.7429,-0.2365,69.7778,8.7219,6.296,-5750.5,15.87
2008-08-21 04:22:00,0,20.81,-0.0107,0.4914,37.4269,10.9632,0.0,66.0222,8.6324,5.1212,-5307.75,15.73
2008-08-21 04:29:00,0,-5.9045,-0.0119,,11.8019,6.2047,0.2838,67.3667,9.2291,5.0939,-6367.0,15.92
2008-08-21 05:06:00,0,-0.3264,-0.0126,,19.802,3.6306,0.0,63.8111,9.5689,6.6857,-5433.0,15.73
2008-08-21 05:15:00,0,4.3055,-0.0036,,112.7148,6.2869,0.2838,65.5556,8.8513,5.8235,-5635.0,15.92
2008-08-21 06:10:00,1,5.0809,-0.0084,0.0666,53.4918,8.4171,0.2365,66.8889,9.7484,5.876,-5222.5,15.85
2008-08-21 11:22:00,0,6.3364,-0.0119,,22.6415,4.6662,0.8042,70.1778,8.8513,5.2134,-6310.5,15.88
2008-08-21 12:00:00,0,3.1418,-0.0103,,70.8738,4.4095,0.4258,67.5222,9.2291,7.3221,-6378.5,15.67
2008-08-21 12:31:00,0,22.1027,-0.0095,0.0385,60.0791,6.5836,0.2365,71.0,9.4832,5.8781,-6401.25,15.85
2008-08-21 12:33:00,0,-0.8891,-0.0129,,44.9612,6.0573,-0.2365,67.9111,9.0859,6.7978,-5307.5,15.87
2008-08-21 12:43:00,0,-6.8555,-0.0121,,22.268,6.4508,0.6623,60.1111,9.2328,6.0995,-5436.0,15.73
2008-08-21 12:52:00,0,2.1473,-0.0123,,49.6945,2.5138,0.6623,59.8889,9.2328,8.0235,-5487.75,15.73
2008-08-21 13:11:00,0,-8.4836,-0.005,,57.4257,6.9918,0.2838,67.7,8.5177,6.6714,-6374.75,15.92
2008-08-21 13:19:00,0,3.9382,-0.0063,,94.6746,4.8265,0.0,67.2,8.4092,4.6687,-6363.0,15.73
2008-08-21 13:29:00,0,-0.2618,-0.0079,,88.8889,15.1886,0.8042,68.1667,9.0622,5.9945,-5227.0,15.88
2008-08-21 13:45:00,0,-2.7936,-0.0104,,20.1198,5.9309,0.0,68.5778,9.2291,7.9424,-6457.75,15.73
2008-08-21 14:47:00,0,9.8518,-0.0038,0.4599,114.2857,5.0612,0.0473,70.0556,8.6829,5.8239,-5775.0,15.77
2008-08-21 15:05:00,0,3.8936,-0.0126,0.0555,72.8713,4.8816,0.2365,67.4,8.8505,5.0725,-6295.75,15.85
2008-08-21 15:06:00,0,-5.9236,-0.01,0.1096,58.0726,8.208,0.7569,67.3222,8.5952,4.7226,-5319.25,15.77
2008-08-21 15:32:00,0,4.0991,-0.0132,0.0182,27.9509,3.9273,-0.2838,66.0111,9.396,6.4426,-5415.0,15.84
2008-08-21 15:48:00,0,6.3436,-0.013,,54.6154,3.7264,0.4258,68.8778,8.5266,4.8829,-5467.5,15.67
2008-08-21 15:50:00,0,0.31,-0.009,0.151,62.0499,3.9885,0.7569,69.1,9.4043,13.0958,-6261.75,15.77
2008-08-21 16:19:00,1,28.5145,-0.0086,0.114,51.1628,8.811,0.2365,65.9111,9.3998,5.7813,-6393.5,15.85
2008-08-21 16:36:00,0,4.0209,-0.0111,,27.991,6.8435,-0.2365,69.3556,8.5266,6.7984,-5493.0,15.87
2008-08-21 17:25:00,0,3.2182,-0.0063,,87.4751,5.0597,0.4258,67.7667,8.4092,5.3185,-6270.5,15.67
2008-08-21 17:44:00,0,14.3891,-0.0105,0.0528,45.6599,7.0835,0.0473,65.4889,9.5642,5.1885,-6362.25,15.77
2008-08-21 18:04:00,0,6.2455,-0.0085,0.0583,57.732,5.0709,0.2365,67.4111,8.8384,4.9057,-6408.75,15.85
2008-08-21 18:05:00,1,3.7982,-0.005,,83.3747,3.7025,0.2838,71.2,9.1855,6.2071,-5120.0,15.92
2008-08-21 18:39:00,0,-1.9555,-0.0059,,114.5263,7.1548,-0.2365,70.1889,9.9964,6.114,-6453.75,15.87
2008-08-21 18:53:00,0,-10.6036,-0.0089,0.051,56.4972,6.8752,0.2838,65.5,8.5405,6.4455,-6402.75,15.82
2008-08-21 19:12:00,0,3.88,-0.01,0.0477,58.7065,4.6953,0.7569,67.0667,8.8505,5.9837,-6279.5,15.77
2008-08-21 19:12:00,0,5.7945,-0.0055,,104.3478,4.4354,0.0,68.2889,9.0695,6.0564,-5435.5,15.73
2008-08-21 19:46:00,0,0.8018,-0.0122,,41.8462,5.6521,0.0,70.4,8.4092,6.8803,-6253.5,15.73
2008-08-21 20:19:00,0,10.8955,-0.0094,0.0465,62.6826,4.3312,0.7569,67.2111,8.872,5.2501,-5593.75,15.77
2008-08-21 20:21:00,0,15.2791,-0.0096,0.25,64.9215,10.9636,0.7569,67.5889,9.1757,5.3828,-5384.75,15.77
2008-08-21 20:37:00,0,18.7173,-0.0087,0.1308,64.0,6.8555,-0.2838,65.5444,8.5788,5.5977,-6915.0,15.84
2008-08-21 21:32:00,0,3.3955,-0.0116,0.02,57.8209,6.8737,-0.0473,67.6333,8.6915,6.6343,-5468.0,15.75
2008-08-21 22:25:00,0,0.1227,-0.0093,0.0394,51.4745,6.0602,0.2365,67.6444,9.5713,5.6683,-6391.5,15.85
2008-08-21 22:41:00,0,3.5336,-0.0099,0.2228,68.8608,8.9725,0.7569,68.0444,8.9416,5.2265,-5047.75,15.77
2008-08-21 23:08:00,0,-5.3355,-0.0093,0.0596,74.3935,5.6449,-0.0473,70.2,8.536,4.4363,-5448.0,15.75
2008-08-21 23:27:00,0,1.4355,-0.0095,0.1206,40.8912,6.3172,0.7569,67.1111,8.9416,4.4244,-5046.25,15.77
2008-08-21 23:53:00,0,7.3918,-0.0074,0.0175,53.9629,5.726,-0.2838,69.1111,9.4043,6.5451,-4778.5,15.84
2008-08-21 23:57:00,0,4.8018,-0.0092,0.0189,29.3878,6.4164,-0.2838,67.8778,8.5952,5.5481,-6408.25,15.84
2008-08-22 00:43:00,0,-7.4155,-0.0111,0.047,39.5506,4.3502,0.4258,69.1222,9.4043,4.5221,-5631.75,15.67
2008-08-22 00:44:00,0,0.0945,-0.0063,0.0274,48.0,6.5727,-0.2838,69.3111,8.5232,8.6585,-6894.25,15.76
2008-08-22 00:47:00,0,8.9073,-0.0078,0.1761,35.7827,5.7366,-0.2838,66.6556,8.6527,5.6626,-6203.25,15.76
2008-08-22 01:04:00,1,5.0473,-0.0096,,48.1046,4.3207,0.4258,70.6444,9.1855,5.2693,-4929.5,15.67
2008-08-22 01:26:00,0,26.1536,-0.0075,0.0202,45.2579,7.7496,-0.2838,64.7222,9.2655,5.4333,-6250.25,15.84
2008-08-22 01:27:00,0,-2.9973,-0.0069999999999999,,51.3369,6.1033,-0.2365,69.6889,8.828,6.4365,-6382.0,15.87
2008-08-22 01:54:00,0,-5.6473,-0.0119,0.0455,26.8344,6.4204,0.2365,68.3,8.536,7.0767,-5226.5,15.85
2008-08-22 02:01:00,0,-1.2182,-0.0064,,54.3689,5.242999999999999,-0.2365,69.0111,9.9964,6.9059,-6411.75,15.87
2008-08-22 02:25:00,0,1.2264,-0.0124,0.0134,55.0607,11.173,-0.2838,68.1889,9.7324,5.0676,-5453.5,15.76
2008-08-22 02:52:00,0,2.8355,-0.0107,0.0803,52.3977,3.5958,-0.2838,68.5556,9.4043,6.2468,-6487.25,15.84
2008-08-22 03:18:00,0,5.9073,-0.0047,0.0242,85.7909,5.5799,-0.0473,68.3333,9.3335,5.2126,-6465.0,15.75
2008-08-22 03:58:00,0,4.5027,-0.0057,0.0142,54.0305,5.7879,-0.2838,67.6778,8.6013,4.6676,-5220.25,15.76
2008-08-22 04:40:00,0,3.2591,-0.012,0.0149,49.3724,14.1221,-0.0473,65.6889,8.5232,5.0992,-6400.25,15.75
2008-08-22 04:57:00,0,4.1509,-0.0044,,122.7273,5.0601,0.2365,67.0556,9.0622,6.7113,-5566.75,15.85
2008-08-22 05:21:00,0,4.4564,-0.0113,0.0244,59.3577,11.5187,-0.0473,67.1889,8.5232,7.3424,-5655.25,15.75
2008-08-22 05:31:00,0,0.4591,-0.0052,,86.9565,4.2411,-0.2838,67.7667,8.5177,6.0629,-6501.5,15.84
2008-08-22 05:32:00,0,-1.0773,-0.0106,,19.8582,4.6703,-0.2838,60.0667,9.2328,5.0991,-5583.25,15.84
2008-08-22 06:00:00,1,10.9955,-0.0077,0.0334,64.6204,9.4756,-0.0473,67.4889,8.6013,5.4651,-5633.25,15.75
2008-08-22 07:04:00,0,2.0064,-0.0144,0.0182,20.8514,5.3257,-0.2365,67.0889,9.396,7.6674,-6572.75,15.85
2008-08-22 07:17:00,0,18.4,-0.0101,0.0271,26.7658,8.9202,0.2365,67.8889,8.5405,5.9202,-6271.0,15.85
2008-08-22 07:27:00,0,0.3036,-0.0136,,46.9294,6.8782,-0.2838,68.9444,8.8513,7.2296,-6259.5,15.76
2008-08-22 09:29:00,0,22.7636,-0.0081,0.0245,35.5828,5.2072,-0.2838,65.5778,8.7879,6.2893,-6418.25,15.84
2008-08-22 09:29:00,0,6.1527,-0.0129,0.0284,54.8792,2.6252,-0.2365,68.6111,8.6915,5.7298,-5487.25,15.85
2008-08-22 10:01:00,0,20.2627,-0.0083,0.0395,41.9162,8.0131,0.2365,67.3667,8.5405,6.5968,-6282.5,15.85
2008-08-22 10:18:00,0,-3.09,-0.0131,0.0129,46.5649,4.5813,-0.2838,67.2444,8.536,6.9241,-5595.75,15.84
2008-08-22 10:47:00,0,1.9855,-0.0122,0.0237,39.3443,7.0181,-0.2365,68.3889,8.658999999999999,6.5415,-5349.75,15.85
2008-08-22 11:32:00,0,8.3018,-0.0098,0.0287,37.8517,5.8283,-0.2365,68.1778,8.6915,5.0896,-5679.0,15.85
2008-08-22 12:13:00,0,2.9964,-0.0113,,51.4412,4.3328,-0.0473,59.4,9.2328,6.3363,-6449.25,15.75
2008-08-22 12:37:00,0,4.5645,-0.0072,0.053,64.1115,8.1722,-0.2365,66.3,8.5232,5.5445,-5469.75,15.85
2008-08-22 12:42:00,0,1.14,-0.0131,0.0205,58.891000000000005,5.524,-0.2365,67.2778,8.6439,5.426,-5532.25,15.85
2008-08-22 13:22:00,0,8.8173,-0.0077,0.033,62.43899999999999,8.7428,0.7096,69.6222,8.7851,6.1079,-6554.75,15.84
2008-08-22 14:45:00,0,2.4345,-0.0127,0.0183,20.4122,4.0485,-0.2365,66.1667,9.396,5.6802,-6489.25,15.85
2008-08-22 15:25:00,0,-28.9882,-0.0049,,174.8072,6.0188,-0.0473,65.3667,9.043,4.9531,-5563.5,15.75
2008-08-22 15:39:00,0,6.6,-0.009,0.0216,44.3213,5.2891,0.7096,68.9444,8.7851,6.9622,-6506.75,15.84
2008-08-22 15:54:00,0,25.2736,-0.011,0.0655,45.3515,8.1065,0.7096,68.8,9.1757,5.3532,-5142.25,15.84
2008-08-22 19:14:00,1,-5.7182,-0.0135,,49.0251,6.747999999999999,-0.2365,71.2333,9.1855,4.4785,-5282.75,15.85
2008-08-22 23:46:00,0,-1.4345,-0.0127,0.0263,31.4342,5.299,-0.9461,70.0556,8.4421,5.2483,-6047.0,15.88
2008-08-22 23:47:00,0,-0.3327,-0.0126,0.0302,73.6634,5.0396,-0.9461,69.5889,8.8384,5.5199,-6336.0,15.88
2008-08-22 23:49:00,0,0.5682,-0.0122,0.0359,36.7722,7.684,-0.9461,67.8222,8.7994,5.931,-5932.0,15.88
2008-08-22 23:56:00,0,2.9518,-0.0118,0.0176,42.4178,4.8857,-0.9461,65.7111,8.7994,6.778,-5427.75,15.88
2008-08-23 02:04:00,0,7.7727,-0.0099,0.0177,73.0964,9.7235,-0.8042,68.7667,8.7851,5.0532,-6467.25,15.85
2008-08-23 03:26:00,0,2.75,-0.0088,0.0172,70.4545,3.8384,-0.9461,66.5333,8.6439,6.0275,-6313.25,15.88
2008-08-23 04:50:00,0,15.81,-0.0102,0.0189,66.6667,5.8984,-0.9461,67.9556,8.6527,5.2089,-5471.25,15.88
2008-08-23 04:52:00,0,3.4882,-0.0144,0.0223,18.7013,4.7036,-0.8042,70.9556,8.7897,6.9314,-5493.25,15.85
2008-08-23 05:57:00,0,1.2673,-0.0062,0.0282,37.0221,2.5672,-0.8042,68.6556,9.3335,4.8083,-6374.75,15.85
2008-08-23 05:57:00,0,4.7864,-0.0078,,55.04,3.9746,-0.8042,66.7,9.043,5.2236,-6381.5,15.85
2008-08-23 05:58:00,0,14.7345,-0.009,0.0162,68.0614,5.0284,-0.8042,69.6556,9.4043,6.2457,-5313.5,15.85
2008-08-23 05:58:00,0,-8.3955,-0.0069,,59.2058,6.2134,-0.8042,59.9778,9.2328,7.7567,-5474.25,15.85
2008-08-23 09:24:00,0,1.2209,-0.011,0.0166,33.7514,9.3285,1.088,68.7111,8.7219,4.7162,-5587.25,15.73
2008-08-23 12:58:00,0,1.0345,-0.0123,0.019,35.6636,4.9982,1.088,67.5111,8.6439,6.0188,-5421.5,15.73
2008-08-23 13:02:00,0,1.0636,-0.0109,0.0208,35.6979,7.3977,1.088,69.8222,8.5987,6.1948,-6256.5,15.73
2008-08-23 15:10:00,0,1.6173,-0.013,0.0269,36.0153,4.0842,1.088,70.0444,8.4421,6.7145,-6370.75,15.73
2008-08-23 15:29:00,1,2.4173,-0.0111,0.0225,40.4949,7.1468,1.088,70.3889,8.5987,4.6886,-5311.5,15.73
2008-08-24 02:32:00,0,-7.1564,-0.0089,0.0158,62.7451,7.9407,0.0,69.2444,8.8505,4.9289,-6264.0,15.73
2008-08-24 04:00:00,0,0.6991,-0.0095,0.0152,84.9279,6.0266,0.0,66.4,8.6915,6.9408,-4750.75,15.82
2008-08-24 07:12:00,0,2.5964,-0.0076,0.0141,66.9951,6.0507,0.0,68.9333,8.658999999999999,4.6901,-5879.75,15.73
2008-08-24 07:14:00,0,-0.4091,-0.0075,0.0212,44.1472,7.7667,0.0,68.2333,8.4421,5.9835,-5433.25,15.73
2008-08-24 10:09:00,0,-5.0245,-0.003,,113.3333,8.7115,1.088,62.9778,9.5689,6.2162,-6443.5,15.73
2008-08-24 10:14:00,0,-0.7236,-0.0074,0.1541,47.2973,7.7214,0.0,69.9111,8.7897,5.376,-5468.75,15.82
2008-08-24 13:03:00,1,1.9482,-0.0072,0.0167,91.9861,9.1675,0.0,69.0111,8.5687,5.8213,-5410.5,15.73
2008-08-25 09:29:00,0,1.3255,-0.0092,0.0427,51.29600000000001,6.4405,0.0,66.8222,8.6915,6.0309,-6375.75,15.73
2008-08-27 00:46:00,0,-6.8627,-0.0121,0.034,32.3316,7.2038,-0.9461,68.3111,9.3335,6.3875,-6421.0,15.88
2008-08-27 11:38:00,0,7.0591,-0.0121,0.0291,44.4902,5.8522,-0.5204,68.2222,8.5251,5.0673,-6507.5,15.92
2008-08-27 12:22:00,0,2.2118,-0.0116,0.0446,67.884,3.3887,-0.5204,70.4667,8.5251,6.0691,-6461.0,15.92
2008-08-27 13:35:00,0,7.9373,-0.0103,0.0263,46.6586,3.0303,-0.5204,70.5444,8.5251,5.3721,-5411.5,15.92
2008-08-27 14:18:00,0,0.8745,-0.012,0.0264,47.4506,5.0466,-0.5204,70.1667,8.5251,5.0138,-6409.5,15.92
2008-08-27 17:14:00,0,3.99,-0.0106,0.0204,51.6432,4.0074,0.8042,70.1556,8.5251,4.5588,-5546.5,15.81
2008-08-27 22:48:00,0,4.4455,-0.0096,0.0383,66.8407,5.1071,-0.6623,67.0556,8.6005,5.2038,-6466.25,15.74
2008-08-27 22:58:00,0,168.1455,-0.0096,0.0203,68.75,289.8264,-0.6623,68.0889,8.7994,5.1021,-5430.0,15.74
2008-08-28 03:03:00,0,-0.2845,-0.0079,0.0676,60.5678,6.1134,-0.1419,67.0444,9.2047,7.4994,-5183.0,15.77
2008-08-28 03:04:00,0,2.0609,-0.0078,0.02,77.707,3.9852,-0.1419,67.7889,,6.1941,-5353.25,15.77
2008-08-28 03:29:00,0,1.7373,-0.0082,0.1247,53.4954,4.3682,-0.1419,67.4444,9.7324,4.9065,-5763.75,15.77
2008-08-28 03:38:00,0,3.1191,-0.0122,0.0229,49.8468,4.7727,-0.1419,67.3556,9.6938,4.7844,-5474.75,15.77
2008-08-28 03:45:00,0,0.2818,-0.01,0.0215,49.2462,4.4168,-0.1419,65.1333,9.0776,6.0098,-6211.25,15.77
2008-08-28 04:10:00,0,4.06,-0.0097,0.0253,73.5751,6.563,-0.0473,68.6556,8.9546,5.0865,-6252.75,15.75
2008-08-28 04:20:00,0,-0.3182,-0.0031,0.0539,148.9879,5.8228,-0.6623,69.1889,8.6005,4.9744,-5288.5,15.74
2008-08-28 04:54:00,0,-0.0636,-0.0132,0.0231,32.4528,6.5193,-0.0473,66.9333,8.3324,5.5842,-5328.0,15.75
2008-08-28 05:00:00,0,36.3682,-0.0098,0.0783,68.2803,122.4063,-0.6623,69.8,8.8505,5.073,-6334.5,15.74
2008-08-28 06:15:00,0,1.0291,-0.0134,0.0099,46.1825,6.678999999999999,-0.0473,67.2667,8.7867,5.0376,-5711.0,15.75
2008-08-28 06:39:00,0,1.9591,-0.0141,0.0074,20.5674,6.5078,0.7569,70.7778,8.5251,6.7197,-5662.25,15.85
2008-08-28 06:56:00,0,1.6373,-0.013,0.0154,24.6154,6.026,-0.0473,67.4889,8.5987,5.5742,-6310.25,15.75
2008-08-28 07:40:00,0,-1.2209,-0.0126,0.0217,26.2425,5.872999999999999,-0.0473,70.5111,8.7897,4.8660000000000005,-5686.75,15.75
2008-08-28 07:51:00,0,8.8445,-0.0142,0.0424,31.7741,3.7753,-0.1419,68.7889,8.3324,5.7787,-5402.5,15.77
2008-08-28 08:41:00,0,-1.1255,-0.0092,0.0194,25.9811,6.3446,-0.2838,70.7667,8.7418,4.3122,-6539.75,15.69
2008-08-28 09:46:00,0,2.9409,-0.0123,0.0212,35.0663,3.9316,-0.1419,68.2889,9.7836,7.1505,-6389.5,15.77
2008-08-28 09:49:00,0,-4.4845,-0.0095,0.0227,74.6386,5.8699,-0.4731,66.1556,9.0776,5.3967,-6468.0,15.78
2008-08-28 10:15:00,0,8.1418,-0.0101,0.025,63.6025,5.282,-0.0473,70.6111,8.6427,6.712000000000001,-5649.5,15.75
2008-08-28 10:28:00,0,9.4864,-0.013,0.0244,39.1179,4.1354,-0.1419,70.0,8.5687,6.0009,-6505.5,15.77
2008-08-28 10:32:00,0,-7.5073,-0.0112,0.0215,37.3749,6.2009,-0.1419,68.2111,8.9635,7.3872,-4599.25,15.77
2008-08-28 11:19:00,0,3.8264,-0.0115,0.1702,27.8867,7.1455,-0.4731,69.5444,8.5891,6.2339,-5330.0,15.78
2008-08-28 12:44:00,0,10.2355,-0.0108,0.0345,46.2963,6.1589,-0.2838,71.3111,8.7418,5.0133,-6456.75,15.69
2008-08-28 14:48:00,0,1.0218,-0.0121,0.0452,35.5739,3.4914,-0.7096,71.4222,8.5987,5.8286,-6347.75,15.91
2008-08-28 15:19:00,0,3.8664,-0.0105,0.0251,56.3246,10.3185,0.7569,73.0222,8.6829,5.0435,-6426.5,15.85
2008-08-28 16:01:00,0,-6.0545,-0.0107,0.0185,17.7986,6.0601,-0.2838,69.9667,8.7219,5.0295,-6624.0,15.69
2008-08-28 16:43:00,0,2.8745,-0.0113,0.0188,31.9645,9.7565,0.7569,67.9333,9.7324,5.1169,-5305.5,15.85
2008-08-28 16:52:00,0,-0.81,0.0018,0.0138,253.7931,12.6446,-0.6623,69.4222,8.6439,6.3528,-6310.25,15.74
2008-08-28 17:21:00,0,8.1445,-0.0109,0.148,58.5143,8.3032,-0.4731,69.3111,8.6439,5.2941,-6406.25,15.78
2008-08-28 17:27:00,0,11.4855,-0.011,0.0254,29.932,5.4073,-0.7096,67.2667,8.8043,5.9031,-6329.75,15.91
2008-08-28 17:32:00,0,1.4745,-0.0144,0.0202,71.9723,5.6832,0.7569,68.2,8.5288,5.7336,-5874.25,15.85
2008-08-28 18:05:00,0,2.0127,-0.0122,0.0182,28.6885,4.571000000000001,-0.1419,66.4556,8.7994,5.9644,-5459.0,15.77
2008-08-28 18:10:00,0,0.91,-0.0133,0.0216,30.1602,4.5649,-0.7096,68.7667,8.5987,6.9024,-5545.75,15.91
2008-08-28 18:15:00,0,-1.5118,-0.0068,0.0195,67.8967,6.4179,-0.7096,68.9778,8.6439,5.7194,-6225.75,15.91
2008-08-28 18:25:00,0,0.9091,-0.0073,,54.7009,3.4436,-0.2838,69.0222,8.4092,6.3665,-6260.75,15.69
2008-08-28 18:47:00,0,0.6191,-0.008,0.0444,71.028,7.5571,-0.9461,68.1222,8.7867,6.4131,-5607.25,15.79
2008-08-28 18:57:00,0,3.3655,-0.0105,0.032,35.3222,3.9414,-0.7096,68.4667,8.8043,6.0366,-5723.5,15.91
2008-08-28 20:20:00,0,-2.63,-0.0093,0.0214,67.7419,4.9807,-0.7096,70.4444,8.7897,5.9073,-5628.0,15.91
2008-08-28 20:39:00,1,1.0045,-0.0111,0.0221,49.5495,6.8317,0.7569,69.7111,8.9546,6.8,-5669.75,15.85
2008-08-28 21:03:00,0,1.1527,-0.0118,0.0241,60.1058,5.4141,-0.7096,66.6333,8.6005,5.441,-6326.0,15.91
2008-08-28 21:52:00,0,0.2055,-0.0092,0.0212,61.9565,4.049,-0.0473,69.2222,8.8043,6.8171,-6371.0,15.75
2008-08-28 22:57:00,0,-3.8982,-0.0111,0.034,35.2542,3.6575,0.7569,65.1,9.0776,5.5693,-6344.25,15.85
2008-08-28 23:40:00,0,3.2764,-0.0075,0.0125,81.3333,6.1719,-0.6623,67.1,9.2047,4.8660000000000005,-5409.0,15.99
2008-08-28 23:42:00,0,-4.0373,-0.011,0.0555,52.6674,6.2882,-0.6623,63.6889,9.0776,7.0294,-5246.75,15.99
2008-08-29 00:49:00,0,0.1618,-0.0116,0.0221,39.7838,9.6091,-0.4731,65.8222,8.5459,5.4007,-5697.5,15.78
2008-08-29 01:06:00,0,-3.9436,-0.0109,0.0372,49.6552,6.9,-0.6623,69.9889,8.7897,5.5417,-5933.25,15.99
2008-08-29 02:38:00,0,-1.2518,-0.0091,0.0189,44.9931,5.3111,-0.5677,69.8444,8.6005,6.2167,-6338.25,15.99
2008-08-29 02:39:00,0,1.3664,-0.0101,0.0217,35.5995,6.4272,-0.6623,65.9556,8.658999999999999,5.8843,-6350.25,15.99
2008-08-29 03:27:00,0,5.65,-0.0111,0.0522,33.3709,9.0309,0.7569,68.1333,8.5135,5.8068,-5278.0,15.85
2008-08-29 03:33:00,0,7.8264,-0.0057,0.0523,70.1754,10.4973,-0.6623,69.2,8.6527,4.9158,-5444.0,15.99
2008-08-29 03:46:00,0,-1.1927,-0.0121,0.0199,63.6364,4.5513,-0.6623,68.9222,8.5459,5.9157,-5561.0,15.99
2008-08-29 04:55:00,1,5.4991,-0.0105,0.0217,29.4537,5.2686,-0.5677,67.5,8.5288,6.5321,-5192.5,15.99
2008-08-29 04:56:00,0,-0.0309,-0.0137,0.0105,40.8387,7.7416,-0.5677,68.5,8.658999999999999,6.0001,-6461.0,15.99
2008-08-29 05:16:00,0,0.5091,-0.01,0.0216,49.9376,9.1825,-0.0473,67.6111,9.7324,4.3721,-6305.5,15.75
2008-08-29 05:54:00,0,,-0.0094,0.044,53.1208,6.8964,-0.1419,69.1,8.5788,,-5871.75,15.9
2008-08-29 05:54:00,0,,-0.0115,0.0154,26.1723,,-0.6623,71.3333,8.7199,5.8591,-6624.5,15.99
2008-08-29 05:57:00,0,0.5755,-0.0126,0.0195,31.8408,8.1897,-0.1419,68.2222,9.7836,6.1628,-6736.0,15.9
2008-08-29 05:57:00,0,0.2573,-0.0095,0.0138,57.971,8.6821,-0.5677,67.2889,8.658999999999999,5.7795,-5232.25,15.99
2008-08-29 06:35:00,0,9.2827,-0.0081,0.0253,38.3901,4.1834,-0.5677,65.5778,8.7994,6.2345,-5234.5,15.99
2008-08-29 06:37:00,0,-1.0482,-0.013,0.0251,43.8462,7.0399,0.0,68.3889,9.7836,5.9818,-6319.75,15.91
2008-08-29 06:40:00,0,5.6309,-0.0097,0.0184,26.943,5.0146,-0.1419,69.3889,8.5288,5.2759,-5121.0,15.9
2008-08-29 06:45:00,1,13.3709,-0.0114,0.0234,46.4912,11.778,-0.5677,68.9111,8.8043,5.5776,-5229.25,15.99
2008-08-29 06:54:00,0,5.1736,-0.0103,0.0114,28.1553,5.5412,0.0,67.9222,8.5334,5.8216,-6183.75,15.91
2008-08-29 07:18:00,0,4.8373,-0.0085,0.0206,119.174,3.1119,0.0,67.7778,8.3324,5.3511,-5506.25,15.91
2008-08-29 07:22:00,0,6.3691,-0.0097,0.0342,74.5149,3.5094,-0.5677,71.4444,8.7897,5.5444,-5622.5,15.99
2008-08-29 07:24:00,0,0.2818,-0.0129,0.025,34.8837,7.9807,-0.6623,70.7778,8.6427,6.0756,-5046.25,15.99
2008-08-29 07:33:00,0,-0.8964,-0.0099,0.016,59.8226,4.4311,0.0,70.1889,8.7283,5.9494,-5530.0,15.91
2008-08-29 07:33:00,0,-0.1745,-0.0095,0.0258,63.3245,5.68,-0.1419,66.4111,8.8043,4.6227,-6339.0,15.9
2008-08-29 08:10:00,0,7.0709,-0.0118,0.0515,34.709,5.7825,-0.5677,70.6444,8.7851,5.4252,-6626.5,15.99
2008-08-29 08:20:00,0,0.4545,-0.0064,0.0184,90.8023,6.2397,0.0,66.0444,8.8132,5.5892,-7148.0,15.91
2008-08-29 08:41:00,0,2.2518,-0.0111,0.0396,57.7227,4.0085,-0.1419,68.7,8.5855,5.9603,-6235.25,15.9
2008-08-29 08:45:00,0,0.9991,-0.0083,0.1087,55.5053,4.7485,0.0,65.6444,23.1583,5.5943,-6233.5,15.91
2008-08-29 12:21:00,0,2.3691,-0.0112,0.0277,44.7427,17.9641,-0.1419,69.0667,8.5891,5.1818,-5394.75,15.9
2008-08-29 12:22:00,0,3.43,-0.011,0.0202,48.9241,4.3367,-0.6623,69.6111,9.3335,5.0292,-6273.75,15.99
2008-08-29 12:37:00,0,2.3755,-0.0147,0.0225,28.5472,5.5946,-0.1419,68.1111,9.7836,5.0931,-6368.5,15.9
2008-08-29 13:04:00,0,1.1682,-0.0118,0.0162,56.5998,4.7835,-0.1419,68.6,8.5135,5.443,-5319.25,15.9
2008-08-29 13:14:00,0,0.1691,-0.0112,0.0192,42.7141,18.7344,-0.5204,68.1778,9.2047,5.1317,-6366.0,15.89
2008-08-29 13:27:00,0,2.6491,-0.011,0.0468,37.3576,9.8527,0.0,69.2111,8.9546,4.8905,-5651.25,15.91
2008-08-29 13:49:00,0,3.1382,-0.0114,0.0148,37.8022,9.1637,-0.5204,68.5889,8.5788,4.1069,-5397.5,15.89
2008-08-29 14:11:00,0,4.4364,-0.0105,0.0138,69.3587,7.3247,-0.6623,68.2778,8.5135,6.2098,-5451.25,15.99
2008-08-29 14:18:00,0,2.1045,-0.0123,0.0533,44.6247,10.5022,-0.5204,69.1667,9.6938,7.4426,-6358.25,15.89
2008-08-29 14:30:00,0,3.9818,-0.0095,0.0134,45.5026,11.3416,0.0473,66.8111,9.2047,5.7653,-5496.75,15.93
2008-08-29 15:01:00,0,2.8182,-0.0098,0.0482,53.265,6.4263,0.0,69.9333,8.5297,6.7766,-6335.25,15.91
2008-08-29 15:43:00,0,-0.1209,-0.0076,0.127,67.3267,10.4836,-0.1419,67.9667,8.5987,6.3084,-6170.75,15.9
2008-08-29 16:26:00,0,1.1782,-0.0068,0.024,90.5109,6.4326,-0.1419,68.2222,8.7418,7.2599,-5372.25,15.9
2008-08-29 20:21:00,0,0.1664,-0.0117,0.0148,41.9251,8.6404,-0.5204,67.1222,9.2047,6.832999999999999,-5472.75,15.89
2008-08-29 20:49:00,0,4.92,-0.0111,0.0272,35.9955,7.7601,0.0,67.1778,9.7324,5.4468,-5677.75,15.91
2008-08-29 21:25:00,0,-1.3227,-0.0073,0.0406,46.4957,11.7319,-1.655,67.7444,8.5232,5.7706,-6424.75,15.95
2008-08-29 21:46:00,0,-0.7845,-0.0114,0.0498,66.0793,7.7185,-0.0946,70.1,8.5135,4.7145,-6369.75,15.96
2008-08-29 21:54:00,0,0.2655,-0.0137,0.0464,32.0875,14.1605,-1.655,68.0889,8.5615,4.698,-6328.75,15.95
2008-08-29 22:11:00,0,-3.6855,-0.0111,0.0225,36.036,5.7486,-0.0946,69.7889,8.5855,5.5498,-6234.5,15.96
2008-08-29 22:45:00,0,-1.7609,-0.0089,0.0151,22.4404,11.0497,-0.0946,69.0444,8.7283,5.1793,-5962.0,15.96
2008-08-29 22:49:00,0,2.9691,-0.0089,0.0203,67.0391,3.4708,-0.0946,65.6556,9.754,5.5332,-5490.25,15.96
2008-08-29 22:56:00,0,-1.7982,-0.0174,0.0484,32.1377,4.835,0.0,67.6111,8.9546,4.7883,-6330.25,15.91
2008-08-30 00:01:00,0,-0.3736,-0.0107,0.0147,62.9108,5.7983,-1.655,68.7667,8.9635,5.2192,-5135.0,15.95
2008-08-30 00:05:00,0,4.9073,-0.0072,0.0302,68.1739,5.4231,-0.0946,66.1444,8.5334,5.9707,-6188.0,15.96
2008-08-30 00:57:00,0,1.49,-0.01,0.0158,50.2513,4.0638,-0.0946,69.0889,8.5779,5.3185,-6475.5,15.96
2008-08-30 01:29:00,0,3.2491,-0.0113,0.0138,37.9691,6.1087,-1.655,66.5222,8.9546,6.8121,-5558.0,15.95
2008-08-30 02:08:00,0,-1.0927,-0.0109,0.2193,48.5126,8.8177,0.2365,67.3,23.1583,5.8811,-6380.0,15.99
2008-08-30 02:22:00,0,0.2536,-0.0126,0.0157,69.1162,5.7431,-0.0946,65.2,9.754,5.0449,-5630.75,15.96
2008-08-30 02:32:00,0,-0.7036,-0.012,0.0798,39.2894,4.8678,0.2365,68.6,8.3324,5.5866,-5473.25,15.99
2008-08-30 02:39:00,0,3.73,-0.011,0.0161,20.9567,9.1932,-0.5204,66.0,8.9635,6.7593,-5611.5,15.97
2008-08-30 02:50:00,0,-0.4173,-0.0108,0.0175,34.1801,9.9344,-0.0946,68.8,9.7836,7.353,-6382.5,15.96
2008-08-30 03:10:00,0,1.4464,-0.0118,0.0158,65.1163,4.7955,-0.5204,68.6333,8.7812,6.553999999999999,-5666.25,15.97
2008-08-30 04:20:00,0,4.8364,-0.0095,0.0182,47.1204,9.3323,0.3311,70.9,8.6706,6.8081,-5523.75,15.95
2008-08-30 04:24:00,0,-2.6655,-0.009,0.0876,72.2222,5.533,0.3311,70.2222,8.6706,6.3086,-6477.0,15.95
2008-08-30 04:55:00,0,-0.3455,-0.0146,0.0211,45.7338,15.0008,0.2365,68.0,8.7283,5.6345,-5733.0,15.99
2008-08-30 05:05:00,0,-6.6055,-0.0103,0.0251,36.715,6.0071,-1.655,68.5778,8.7932,6.7536,-5242.25,15.95
2008-08-30 05:05:00,0,-0.0191,-0.0132,0.0411,18.1303,6.4234,-0.0946,65.9111,9.0425,5.5926,-5336.0,15.96
2008-08-30 05:38:00,0,1.4845,-0.0146,0.0195,62.3288,2.3095,0.7569,69.0667,8.5288,5.5519,-5472.0,15.77
2008-08-30 05:51:00,0,8.9864,-0.0083,0.1053,76.8769,4.7606,-0.5204,63.8444,8.5232,5.9035,-5361.5,15.97
2008-08-30 07:50:00,0,-0.95,-0.0142,0.0286,61.9718,3.4077,-0.5204,72.3111,8.4896,6.405,-6341.25,15.89
2008-08-30 07:54:00,0,2.8618,-0.0101,0.0236,55.377,5.1866,0.3311,66.7333,8.5855,5.9291,-6222.5,15.95
2008-08-30 08:10:00,0,-2.0764,-0.0141,0.0162,33.2449,6.11,-1.655,67.4111,8.5891,6.314,-6305.25,15.95
2008-08-30 08:29:00,0,3.36,-0.0144,0.4686,45.8732,7.0302,0.7569,67.3667,8.7568,5.318,-5412.5,15.77
2008-08-30 08:42:00,0,4.0427,-0.0093,0.031,69.7051,5.4374,-0.0946,66.9333,8.9635,5.6554,-5320.5,15.96
2008-08-30 08:53:00,0,2.8618,-0.0129,0.0199,29.4004,6.4813,-0.5204,68.8556,8.3324,7.1774,-5304.5,15.89
2008-08-30 09:13:00,0,-1.9909,-0.0112,0.08,40.0891,11.427,0.3311,71.5444,8.6706,6.0443,-5387.5,15.95
2008-08-30 09:37:00,0,0.7655,-0.0089,0.0244,63.6872,5.7586,-0.5204,69.7556,8.5334,7.1479,-6300.25,15.97
2008-08-30 09:45:00,1,1.9245,-0.0118,0.0362,54.9102,4.6417,0.2365,65.3778,8.5459,6.8691,-5803.0,15.99
2008-08-30 10:15:00,0,-0.1973,-0.0063,0.0413,48.9152,9.2828,0.7569,66.9444,8.7662,5.9963,-5766.75,15.77
2008-08-30 10:16:00,0,-1.9855,-0.015,0.0152,25.3968,7.9214,0.7569,68.1889,8.7932,6.085,-5329.0,15.77
2008-08-30 11:12:00,0,2.4718,-0.0111,0.0194,37.7104,6.6471,-0.5204,69.4222,8.7283,4.6869,-5410.0,15.97
2008-08-30 11:14:00,0,3.7127,0.0013,,451.4851,5.1701,-1.655,69.9111,8.4092,4.4837,-6180.75,15.95
2008-08-30 11:18:00,0,-0.66,-0.008,0.0126,63.8498,6.6432,0.7569,66.5,8.9635,7.2623,-5461.75,15.77
2008-08-30 11:57:00,0,-1.0573,-0.012,0.0121,62.7615,3.3903,-0.5204,68.9,8.9635,5.9499,-5055.5,15.97
2008-08-30 14:10:00,1,11.2909,-0.0111,0.0312,39.5062,10.7271,-0.7096,67.4222,8.7994,5.593999999999999,-5343.0,15.91
2008-08-30 14:23:00,0,-1.9573,-0.0111,0.0145,55.0169,9.1321,-0.1419,70.8111,8.6706,6.2807,-5541.75,15.98
2008-08-30 14:37:00,0,-0.4482,-0.0062,,107.0994,7.8704,-0.1419,71.4111,8.6706,6.275,-5782.25,15.98
2008-08-30 15:06:00,0,-3.9318,-0.0111,0.0187,35.0168,3.8097,0.7569,67.3778,8.5135,6.7701,-5254.5,15.83
2008-08-30 15:16:00,0,-2.3355,-0.009,0.0282,49.0934,4.3162,0.7569,68.9556,8.5459,5.5167,-6208.75,15.83
2008-08-30 15:37:00,0,-0.2173,-0.0144,0.1298,29.0909,5.3996,-1.655,68.7444,8.77,5.6106,-5409.25,15.95
2008-08-30 15:50:00,0,-0.6464,-0.0111,0.0194,49.6614,5.6318,0.7569,66.2556,8.7812,5.9938,-5926.25,15.83
2008-08-30 15:57:00,0,7.24,-0.0088,0.0175,87.2521,7.0695,-0.1419,68.4667,8.5459,6.0587,-5551.75,15.98
2008-08-30 16:24:00,0,-2.8818,-0.0087,0.02,59.5136,5.3451,-0.5204,68.1667,8.8132,6.6169,-5389.75,15.89
2008-08-30 17:05:00,0,-0.9409,-0.0073,0.0236,70.8688,6.4924,0.7569,68.0,23.1583,6.2044,-5536.0,15.83
2008-08-30 17:49:00,0,2.2855,-0.0062,,42.0202,10.1458,1.04,70.2667,8.6706,6.678,-6257.5,15.66
2008-08-30 19:21:00,0,0.7227,-0.015,0.0378,37.2712,3.6395,-0.5204,67.4778,8.7867,5.8915,-6585.75,15.89
2008-08-30 19:27:00,0,4.9073,-0.0128,0.0188,28.18,4.4764,-0.5204,66.5778,9.7324,4.8511,-5484.0,15.97
2008-08-30 20:11:00,0,2.28,-0.0116,0.0478,26.8108,7.5564,-0.5204,67.5778,9.2047,7.8586,-6495.25,15.97
2008-08-30 20:53:00,0,0.9518,-0.0071,0.0174,67.7249,5.8937,-0.1419,67.9444,23.1583,6.1273,-5353.0,15.98
2008-08-30 21:53:00,0,1.2836,-0.012,0.0293,28.3333,12.6757,-0.5204,70.6889,9.7836,7.2355,-6279.0,15.97
2008-08-30 23:51:00,0,0.7064,-0.0096,0.09,43.5233,6.7658,-0.5204,70.7111,8.7418,7.5293,-6506.5,15.89
2008-08-31 02:57:00,0,2.6873,-0.0149,0.2386,48.4441,3.6244,0.7569,68.5556,8.6005,5.2869,-5761.0,15.83
2008-08-31 04:46:00,1,15.3073,-0.0109,0.0178,69.8851,5.9828,-0.5204,69.5889,8.6527,6.1786,-5518.75,15.97
2008-08-31 05:05:00,0,7.9755,-0.01,0.0309,50.1253,4.2849,0.2365,68.2667,8.7994,6.0237,-5160.25,15.99
2008-08-31 09:11:00,0,-0.6591,-0.0022,,249.711,7.3262,-0.1419,71.9556,8.6427,6.3488,-5542.5,15.94
2008-08-31 10:36:00,0,-2.4609,-0.0092,0.0189,66.2144,4.2918,-0.1419,71.6667,8.6895,5.8028,-6484.0,15.94
2008-08-31 10:59:00,1,1.8173,-0.016,0.0205,50.7439,3.4949,0.2365,67.9889,9.5713,6.0042,-6349.75,15.99
2008-08-31 10:59:00,0,-1.1391,-0.0078,,69.12,3.3645,-0.1419,69.9111,8.6427,5.7855,-5750.0,15.94
2008-08-31 11:03:00,0,-4.1518,-0.0097,,73.0077,11.9817,-0.1419,67.8444,8.7219,5.6536,-5613.5,15.94
2008-08-31 15:09:00,0,-0.6936,-0.0091,0.0152,55.0206,5.2008,-0.1419,67.0,8.5615,5.9975,-5279.5,15.94
2008-08-31 15:13:00,0,0.1891,-0.0146,0.0213,42.6117,5.7327,-0.5677,69.3111,8.658999999999999,4.3233,-6466.0,15.99
2008-08-31 16:32:00,0,2.39,-0.0095,,68.7831,2.9332,-0.1419,68.6444,8.5615,6.3404,-5172.25,15.94
2008-08-31 20:24:00,0,-0.9127,-0.009,0.2107,64.5341,8.4692,-0.1419,68.6556,8.441,5.9491,-6447.0,15.98
2008-08-31 21:04:00,0,0.9409,-0.0078,0.0165,57.971,4.8856,-0.0946,65.6889,9.754,5.7667,-5602.25,16.01
2008-08-31 21:46:00,0,-2.0555,-0.0091,0.0219,41.8733,5.2289,-0.0946,66.1889,9.0776,6.8415,-5640.0,16.01
2008-08-31 21:58:00,0,-3.1455,-0.0104,,35.6627,8.0986,-0.0946,67.5667,8.5779,6.7714,-6470.75,16.04
2008-08-31 22:32:00,0,1.5445,-0.01,0.0209,38.143,7.4055,-0.2365,70.2778,8.7219,6.3195,-6545.0,15.74
2008-08-31 22:48:00,0,1.4373,-0.0088,0.0154,79.8859,9.2986,-0.0946,67.5333,8.7812,5.7578,-5277.25,16.04
2008-08-31 22:57:00,0,-6.0445,-0.0082,0.0494,48.5584,9.3679,-0.0946,63.1889,9.0776,5.4591,-6474.25,16.01
2008-09-01 00:01:00,0,1.3791,-0.0101,0.4289,36.6791,9.2809,-0.0946,69.7667,8.5334,5.5712,-6238.25,16.04
2008-09-01 00:39:00,0,-0.9618,-0.0059,,70.7368,9.4501,-0.0946,68.0556,8.5891,6.1471,-6283.75,16.04
2008-09-01 00:45:00,0,1.6073,-0.011,0.1811,43.7856,4.6249,-0.0946,69.1333,8.7219,6.1799,-5422.0,16.04
2008-09-01 00:53:00,0,-2.5727,-0.0084,0.0131,47.7612,3.1585,-0.0946,67.2556,23.1583,5.8506,-6286.75,16.04
2008-09-01 05:29:00,0,3.3918,-0.0104,,28.0193,5.4606,0.615,67.3778,8.7696,5.1635,-6590.75,15.97
2008-09-01 05:32:00,0,-1.3773,-0.0102,,45.9096,10.0272,-0.2365,67.2667,9.0425,5.8336,-6386.75,15.74
2008-09-01 06:12:00,0,2.0336,-0.0098,0.0247,32.57,4.4464,0.615,69.8889,8.5615,5.78,-5520.25,15.97
2008-09-01 06:21:00,0,1.5755,-0.0067,0.0191,129.0807,8.0824,-0.4258,66.6778,9.0121,5.8708,-5529.25,16.02
2008-09-01 06:52:00,0,2.5336,-0.0113,0.0135,41.6851,4.8187,0.615,67.8111,8.77,5.6773,-6454.5,15.97
2008-09-01 08:18:00,0,-1.7327,-0.0088,,70.4545,5.7219,0.0,66.4444,8.7662,5.9265,-5566.5,16.02
2008-09-01 09:06:00,0,-5.1655,-0.011,0.0226,47.3804,3.6904,0.0,69.4778,8.8384,5.957000000000001,-6374.5,15.98
2008-09-01 09:19:00,0,-5.0027,-0.0092,0.0288,53.406000000000006,2.5089,0.615,67.6444,8.5459,6.2772,-6381.5,15.97
2008-09-01 09:54:00,0,-1.0082,-0.008,0.0444,67.9245,2.2394,0.0,68.8778,8.7662,6.0708,-6630.25,16.02
2008-09-01 10:57:00,0,2.0591,-0.0097,0.0191,39.3273,7.3063,0.1892,69.2222,8.7812,5.6631,-5349.25,15.67
2008-09-01 11:40:00,0,-0.17,-0.0086,,77.193,5.2194,0.0,69.1222,8.77,5.723,-4557.0,16.02
2008-09-01 16:20:00,0,-1.8791,-0.0089,0.2123,52.8833,5.2597,0.0,69.8,8.5891,5.6399,-6301.75,16.02
2008-09-01 19:54:00,1,53.6818,-0.0018,,217.1429,173.3631,0.0473,68.6778,23.1583,6.09,-6405.75,15.99
2008-09-01 20:51:00,0,2.1145,-0.0111,0.0324,58.4927,8.6246,0.0,67.4778,8.5788,6.1786,-5438.5,16.02
2008-09-01 22:05:00,0,-0.9918,-0.0086,,47.4674,3.4182,0.0,69.4111,8.8384,5.7143,-6316.75,16.02
2008-09-01 23:05:00,0,-0.8045,-0.0118,0.0175,55.1432,4.1344,0.0473,67.9111,8.5855,6.1287,-6190.0,15.97
2008-09-01 23:19:00,0,0.5791,-0.0092,,32.6975,6.8827,0.0,68.1889,8.3324,5.8077,-6449.75,15.98
2008-09-01 23:24:00,0,-4.8145,-0.0096,,68.0628,5.678,0.0473,69.0222,8.7932,5.4046,-5989.75,15.97
2008-09-01 23:28:00,0,-0.0964,-0.0089,,61.8847,8.9009,0.0473,68.3333,8.5779,6.354,-6392.75,15.97
2008-09-01 23:39:00,0,0.34,-0.013,0.0153,54.6154,7.0359,-0.9461,68.7333,8.8043,5.2238,-5416.0,15.95
2008-09-01 23:45:00,0,1.5127,-0.0096,,40.4669,8.4684,0.0473,66.2778,8.5779,6.4961,-6447.25,15.97
2008-09-01 23:59:00,0,-19.9927,-0.0095,0.0149,58.9474,6.6127,0.0,66.7556,9.0121,5.4082,-5362.75,15.98
2008-09-02 00:26:00,0,0.0855,-0.0071,,77.6014,7.3841,-0.9461,64.1,9.2016,6.0653,-6411.5,15.95
2008-09-02 00:31:00,0,3.65,-0.01,0.019,46.2312,6.0536,0.0,68.4111,9.0121,5.7741,-5936.0,15.98
2008-09-02 00:46:00,0,5.1,-0.0097,,28.7179,5.4442,0.0473,68.5444,8.5687,6.7454,-6415.25,15.97
2008-09-02 01:09:00,0,2.4673,-0.0083,,53.092,2.8374,1.939,69.5222,8.7283,5.4168,-5597.5,15.93
2008-09-02 01:10:00,0,-2.6673,-0.0109,0.0238,65.9039,14.977,0.2365,66.9,8.7812,5.6513,-5280.25,15.95
2008-09-02 01:10:00,0,3.8,-0.009,0.0167,46.473,6.7676,-0.9461,69.2667,8.6005,5.8848,-6347.0,15.95
2008-09-02 01:36:00,0,0.3418,-0.0136,0.0242,33.0579,4.5494,0.0473,67.2111,9.4257,5.6284,-6407.75,15.97
2008-09-02 01:50:00,0,0.23,-0.0101,,39.7516,7.5804,0.0473,66.3889,8.5779,5.9714,-6470.25,15.97
2008-09-02 02:02:00,0,-0.7482,-0.0063,,97.8304,4.4649,0.2365,69.1,8.5288,6.1884,-4621.0,15.95
2008-09-02 02:11:00,0,2.74,-0.0092,0.0132,56.445,4.2038,0.2365,68.7,8.7696,6.232,-6453.0,15.95
2008-09-02 02:50:00,0,0.1491,-0.0096,0.0168,27.154,5.4108,0.0473,69.2444,8.5891,5.6739,-6288.25,15.97
2008-09-02 02:52:00,0,1.4982,-0.0075,,54.7579,6.528,-0.8042,66.3111,9.0425,6.8363,-5085.75,16.0
2008-09-02 03:33:00,0,-0.3518,-0.0083,0.0223,61.4458,4.7047,0.0473,68.0333,9.7836,6.4137,-6295.0,15.97
2008-09-02 03:35:00,0,1.7991,-0.0103,0.1441,32.0388,3.0029,0.4258,68.1333,9.3335,5.6688,-6370.25,15.95
2008-09-02 03:35:00,0,-1.71,-0.0091,,38.4088,5.8362,1.939,71.3556,8.6427,5.7864,-6551.5,15.93
2008-09-02 04:19:00,0,2.1918,-0.0091,,67.9452,5.3635,0.0473,69.8222,8.77,5.4827,-6534.75,15.99
2008-09-02 04:22:00,0,-0.2282,-0.011,0.0224,59.2255,11.8879,1.939,68.9778,8.5788,5.3561,-6295.5,15.93
2008-09-02 05:46:00,0,-2.7427,-0.0102,,60.6357,10.6183,1.939,67.9556,8.9635,6.2209,-5994.0,15.93
2008-09-02 06:03:00,0,1.0336,-0.0119,,36.2869,7.4828,0.4258,67.0222,8.5891,6.5621,-6900.5,15.95
2008-09-02 06:19:00,0,-1.2336,-0.01,0.0226,103.1289,4.646,0.0473,69.5444,8.5855,5.6324,-6204.25,15.99
2008-09-02 06:32:00,0,3.9309,-0.0091,0.0152,48.1532,4.7656,-0.615,70.6222,8.5135,6.3707,-5442.75,15.8
2008-09-02 06:48:00,0,3.1845,-0.0118,0.0169,35.518,5.4338,1.939,69.1444,8.5779,7.1628,-6448.25,15.93
2008-09-02 07:22:00,0,3.5264,-0.0072,0.0168,75.5245,6.2851,-0.8042,67.9333,8.7662,4.6328,-6535.25,16.0
2008-09-02 07:32:00,0,0.8764,-0.011,,60.1367,13.4068,1.939,69.3333,8.7696,6.5683,0.0,15.93
2008-09-02 08:15:00,0,-1.9682,-0.0082,0.0516,52.2003,10.2046,0.4258,66.9889,8.5334,7.4635,-5442.75,15.95
2008-09-02 08:54:00,0,3.2964,-0.0083,,52.9323,4.638999999999999,-0.9461,66.6,9.1156,5.7283,-6451.75,15.95
2008-09-02 09:36:00,0,4.3818,-0.0065,0.0242,90.2486,6.9538,0.2365,69.1111,8.7568,5.4181,-6364.25,15.95
2008-09-02 09:37:00,0,0.5082,-0.0087,0.0184,88.2521,4.7158,-0.1419,69.9,8.5615,6.2989,-5521.25,15.98
2008-09-02 10:13:00,0,0.4373,-0.0102,,46.3054,6.3461,0.0473,66.7,9.1156,6.4175,-6317.25,15.97
2008-09-02 10:21:00,0,-0.6609,-0.0142,0.0118,43.6236,2.6206,-0.615,68.1111,8.7812,6.5332,-5508.5,15.8
2008-09-02 10:25:00,0,2.5055,-0.0082,,74.277,6.3005,0.2365,74.6667,8.3331,7.2215,-5249.25,15.95
2008-09-02 10:33:00,0,0.4027,-0.0096,0.0161,41.5045,4.7142,-0.615,68.3333,8.7696,5.0057,-6564.5,15.8
2008-09-02 11:08:00,0,-1.2973,-0.0115,,26.2009,7.9562,1.939,67.7556,8.5334,4.4843,-5648.25,15.93
2008-09-02 11:22:00,0,4.4827,-0.0092,0.0115,82.3848,4.2433,0.0473,69.4778,8.5855,5.4552,-6249.25,15.87
2008-09-02 11:47:00,0,0.3036,-0.01,0.0184,48.1807,7.5994,0.4258,69.6333,9.308,6.3964,-5667.75,15.95
2008-09-02 11:49:00,0,2.5718,-0.0108,0.0262,23.2558,6.2216,-0.615,67.2778,9.6938,6.57,-5440.5,15.8
2008-09-02 12:01:00,0,-0.0555,-0.0133,,36.773,11.0059,-0.615,70.0556,8.7283,6.2269,-5701.0,15.8
2008-09-02 12:17:00,0,-0.4455,-0.008,0.0337,67.2897,4.0014,-0.615,67.7444,8.8384,5.3724,-6308.75,15.8
2008-09-02 12:26:00,0,-1.1582,-0.0098,0.0334,66.4962,4.9308,-0.615,70.0222,8.9546,5.6406,-6449.25,15.8
2008-09-02 12:30:00,0,-0.4073,-0.0106,,32.9412,5.2867,-0.615,70.1,8.5334,5.8332,-6724.5,15.8
2008-09-02 12:44:00,0,0.1155,-0.0079,0.0279999999999999,64.455,5.1901,-0.1419,69.4222,8.5788,7.5303,-5646.25,15.98
2008-09-02 13:05:00,0,-8.64,-0.0067,0.0175,93.3333,8.846,-0.615,68.7333,8.5788,5.2204,-5336.0,15.8
2008-09-02 13:08:00,0,3.19,-0.0108,,45.4756,7.8401,0.4258,69.4,8.7283,6.2613,-5699.75,15.95
2008-09-02 13:27:00,0,-2.0836,-0.0104,0.0123,35.6627,4.8653,0.4258,67.9778,8.7568,5.9629,-5386.5,15.95
2008-09-02 13:40:00,0,-1.1527,-0.0101,0.026,37.4846,5.3217,-0.615,69.5889,8.5615,5.2162,-5374.75,15.8
2008-09-02 14:09:00,0,2.99,0.0203,0.0168,20.6769,6.8674,0.0473,65.9111,9.754,5.0532,-5513.5,15.87
2008-09-02 14:21:00,0,1.5582,-0.0086,0.0192,68.8047,4.4489,0.4258,69.8444,8.441,5.9053,-6433.5,15.95
2008-09-02 14:34:00,0,-0.5464,-0.0097,,22.6221,4.7047,0.0473,68.1667,8.7696,6.4715,-6374.25,15.87
2008-09-02 15:29:00,0,2.8618,-0.0071,0.0222,65.0177,6.0387,-0.4731,69.8,8.77,6.549,-5538.75,15.88
2008-09-02 16:10:00,0,-4.4482,-0.009,0.0184,89.1365,2.9266,0.0473,66.6778,9.1156,6.724,-6507.75,15.87
2008-09-02 16:50:00,0,2.43,-0.0082,,48.5584,3.6629,1.939,68.9444,8.4896,6.1488,-5397.25,15.93
2008-09-02 16:54:00,0,1.17,-0.0069999999999999,0.1454,45.5516,4.533,-0.4731,66.1778,8.8132,6.3433,-5545.75,15.88
2008-09-02 16:58:00,0,-1.93,-0.0142,0.0174,39.3327,4.5548,0.2365,70.4111,8.7418,5.5841,-6529.75,15.95
2008-09-02 17:10:00,0,2.6373,-0.0083,,36.1991,6.0599,0.0473,68.7222,8.7568,5.2818,-6468.25,15.87
2008-09-02 17:18:00,0,3.4827,-0.0099,0.0113,42.3707,6.8368,0.2365,67.6111,8.8132,6.1437,-5573.25,15.95
2008-09-02 18:38:00,0,2.0173,-0.0099,0.238,42.3174,5.3882,-0.4731,68.2556,8.77,4.6202,-5760.75,15.88
2008-09-02 18:52:00,0,1.5527,-0.0106,0.0218,51.0638,4.471,0.7569,59.9667,9.3851,4.6827,-5618.75,15.9
2008-09-02 19:18:00,0,-8.6982,-0.0102,0.019,26.4059,6.9142,-0.4731,72.2667,8.441,4.7052,-6417.75,15.88
2008-09-02 20:18:00,0,-2.3391,-0.01,,196.0199,4.2557,-0.4731,69.2,8.7812,6.1435,-5442.75,15.88
2008-09-02 20:52:00,0,4.1782,-0.0092,0.0186,59.0164,8.6204,0.7569,70.3,8.5232,6.7404,-6425.25,15.9
2008-09-02 20:58:00,0,4.1455,-0.0075,0.0174,92.4623,4.3536,-0.4731,67.7556,8.5288,6.5758,-5247.75,15.88
2008-09-02 20:59:00,0,4.0555,-0.0112,,58.0357,4.3634,0.7569,69.2667,8.7696,5.5267,-6660.25,15.9
2008-09-03 00:18:00,0,1.54,-0.0075,,120.603,9.366,0.2365,68.7,8.7662,6.5531,-6656.5,15.95
2008-09-03 00:45:00,0,2.8627,-0.0108,,58.2659,9.2907,0.0473,68.3222,9.0425,5.045,-6375.25,15.87
2008-09-03 00:58:00,0,1.7755,-0.0142,0.0192,36.0106,11.1753,1.939,65.8556,9.0425,6.7019,-6233.5,15.93
2008-09-03 01:15:00,1,16.6491,-0.008,,39.8754,12.4472,0.7569,67.5,8.8132,5.2334,-5748.5,15.9
2008-09-03 01:32:00,0,1.9255,-0.0092,,60.1093,6.0788,-0.4731,67.3889,9.0121,5.4746,-5519.75,15.88
2008-09-03 04:18:00,0,-1.3727,-0.0089,0.0302,42.6966,5.2717,-0.5204,69.7778,8.4896,5.8020000000000005,-6385.75,15.89
2008-09-03 06:26:00,0,2.6218,-0.0101,,61.3861,5.5797,0.7569,68.7667,8.4896,6.9764,-6284.25,15.9
2008-09-03 09:38:00,0,-0.7782,-0.0107,0.033,45.6345,3.9458,-0.1892,67.8556,8.7568,5.1135,-6048.5,15.86
2008-09-03 14:24:00,0,-0.3918,-0.0106,0.019,26.5089,5.6919,0.0473,68.3778,8.7932,5.6784,-5486.25,15.79
2008-09-03 14:29:00,0,-0.9691,-0.0111,0.4027,24.2424,4.8659,0.0473,74.1333,8.3273,5.5702,-5201.5,15.79
2008-09-03 17:22:00,0,5.0955,-0.0093,0.0142,62.5337,13.0732,0.4258,69.1444,8.7662,5.2581,-5553.5,15.85
2008-09-03 18:16:00,0,-1.1173,-0.0091,,45.9016,5.1698,0.0473,69.6111,8.8384,5.9137,-6316.75,15.87
2008-09-03 18:16:00,0,3.3364,-0.0099,0.0269,56.7089,4.5331,0.0473,72.9,8.4896,5.9788,-6394.5,15.79
2008-09-03 20:00:00,0,0.9827,-0.0106,0.0139999999999999,63.0588,6.454,0.4258,70.6,8.4896,7.4488,-6331.25,15.85
2008-09-03 20:10:00,0,-0.6727,-0.0112,0.0126,29.3333,6.8464,-0.5204,74.5222,8.3436,5.988,-6325.0,15.89
2008-09-04 08:01:00,0,-0.7891,-0.0091,0.0205,66.941,5.4846,0.0946,74.2222,8.3273,5.1461,-5728.5,15.65
2008-09-04 08:22:00,0,1.7618,-0.0101,0.0198,45.6576,5.5131,0.0473,74.1333,8.3436,5.9455,-6410.75,15.79
2008-09-04 08:33:00,0,2.4582,-0.0125,0.0214,55.7769,6.2078,0.0946,73.9778,8.3273,6.1671,-5487.25,15.65
2008-09-04 08:41:00,0,2.9373,-0.0102,0.0169,42.0538,4.4621,0.0946,66.7333,9.22,6.3738,-6627.25,15.65
2008-09-04 08:53:00,0,1.9491,-0.0114,0.0222,32.3497,9.2499,0.0946,67.2444,8.7932,6.8891,-4685.25,15.65
2008-09-04 11:50:00,0,-1.4191,-0.009,0.0146,36.8715,8.0345,1.04,66.0889,9.22,6.6799,-6424.5,15.68
2008-09-04 14:09:00,0,0.2527,-0.0139999999999999,0.022,32.1142,15.532,0.0946,68.7,8.7073,4.8681,-5501.0,15.65
2008-09-04 14:11:00,0,1.5927,-0.0094,,44.5033,5.0804,0.0946,68.4778,8.7867,6.0304,-5314.75,15.65
2008-09-04 14:48:00,0,1.1845,-0.0104,0.0152,31.769,7.7836,0.0946,66.1444,9.22,5.1183,-5519.0,15.65
2008-09-04 16:30:00,0,-1.5764,-0.0112,0.0139999999999999,28.6674,5.4363,0.0946,71.5778,8.7073,5.9451,-6492.25,15.65
2008-09-04 16:41:00,0,-0.2718,-0.0104,0.0185,53.076,8.4926,0.0,68.5444,8.5615,5.6306,-5549.25,15.62
2008-09-04 16:56:00,0,-2.0291,-0.0121,0.0156,200.823,7.4351,0.0,74.1778,8.3273,6.7291,-6284.25,15.62
2008-09-04 17:30:00,0,3.5355,-0.0093,0.0171,44.1454,10.146,0.0,66.2889,9.754,5.57,-6338.25,15.62
2008-09-05 15:30:00,0,0.8236,-0.0096,0.2135,35.5556,6.2963,0.0,74.5444,8.5889,5.5964,-6190.0,15.62
2008-09-05 21:48:00,0,-2.5836,-0.0108,0.0293,40.6936,6.3622,0.6623,68.1,9.6938,5.7088,-5335.0,15.96
2008-09-07 00:08:00,0,3.4491,-0.0088,,59.3438,5.6384,0.0,74.3333,8.8889,5.4266,-5747.75,15.82
2008-09-07 00:12:00,0,1.0518,-0.0095,,60.0791,7.4639,0.0,74.2333,8.8889,5.1335,-5617.75,15.82
2008-09-07 00:49:00,0,3.4391,-0.0085,,34.2688,13.3974,0.0,74.2778,8.8889,5.4492,-5797.0,15.82
2008-09-07 10:52:00,0,-1.89,-0.0085,,78.8235,6.5694,0.2838,71.4,8.4855,5.8554,-6351.25,15.61
2008-09-07 12:04:00,0,1.1627,-0.0131,,37.3333,7.231,0.0473,74.4444,8.2638,5.1306,-5532.5,15.72
2008-09-07 12:20:00,0,-0.3236,-0.0118,,33.9703,3.596,0.0473,68.9556,9.3335,6.6782,-6375.75,15.72
2008-09-07 13:02:00,0,2.1645,-0.0079,,69.5103,6.8985,0.0473,74.9111,8.2823,6.0185,-5428.75,15.72
2008-09-07 18:02:00,0,-1.9891,-0.0072,,63.5579,5.3999,0.2838,71.6889,8.4896,6.0701,-5685.0,15.61
2008-09-07 18:24:00,0,-0.2482,-0.0112,0.0354,30.2895,5.6555,0.0473,71.1333,8.7073,5.9776,-5464.75,15.72
2008-09-07 18:49:00,0,-1.6436,-0.0078,,47.36,7.0760000000000005,0.0473,73.7,8.2823,5.4022,-5539.5,15.72
2008-09-07 19:29:00,0,5.1773,-0.0075,,60.1002,4.8457,0.0473,73.3,8.2638,5.8757,-5458.75,15.72
2008-09-07 19:31:00,0,5.8045,-0.0114,0.0177,36.8825,8.0418,0.2838,66.8222,8.7932,6.0902,-5452.75,15.61
2008-09-07 20:12:00,0,-2.3691,-0.0127,0.0205,35.2941,5.1585,0.2838,66.6889,9.6938,5.4572,-5623.0,15.61
2008-09-07 20:50:00,0,5.9491,-0.0139,,32.491,6.4118,0.0473,74.6111,8.2823,5.643,-5831.25,15.78
2008-09-07 23:33:00,0,5.4964,-0.0073,,53.6082,6.2816,0.1419,75.9111,8.2823,4.642,-5422.25,15.63
2008-09-08 00:32:00,0,4.1464,-0.0099,,62.7054,8.2175,0.1419,74.9667,8.5889,5.0675,-5618.75,15.63
2008-09-08 00:40:00,0,3.8164,-0.0073,0.0212,94.8454,9.7437,0.1419,,8.7144,5.5321,,15.63
2008-09-08 01:24:00,0,2.7582,-0.0062,0.0139999999999999,80.4829,7.593,0.1419,66.4,9.1156,6.3173,-6482.75,15.63
2008-09-08 03:32:00,0,-3.0355,-0.0097,0.0395,85.8991,11.0193,0.1419,66.0556,9.7324,5.1808,-5789.75,15.63
2008-09-08 03:48:00,0,-1.0991,-0.0085,0.051,35.2423,6.1979,0.1419,68.0556,8.5855,5.4346,-5273.0,15.63
2008-09-08 04:21:00,0,-0.9045,-0.01,0.0157,18.929,4.963,0.2838,69.3667,8.7696,5.4403,-6549.25,15.61
2008-09-08 06:37:00,0,0.0282,-0.0107,0.0139999999999999,31.7386,6.3771,0.2838,73.3778,8.5889,6.7423,-5469.5,15.61
2008-09-08 07:14:00,0,-2.1173,-0.0094,0.0299,48.1283,6.2891,0.1419,68.1444,8.8519,5.8922,-5248.25,15.63
2008-09-08 07:41:00,0,-3.1518,-0.0092,,14.1113,4.6772,0.2838,66.3778,9.22,8.4508,-6364.75,15.61
2008-09-08 18:46:00,0,-1.4173,-0.0163,,25.2308,4.8218,0.2838,75.8111,8.3006,5.4323,-5410.75,15.73
2008-09-08 19:14:00,0,0.8536,-0.0081,0.0534,61.4439,5.7716,0.2838,65.9444,9.6938,5.6452,-5428.5,15.73
2008-09-08 19:15:00,0,-0.1391,-0.0119,,37.7358,4.49,0.2838,73.3556,8.3006,5.3831,-5467.75,15.73
2008-09-08 19:25:00,0,-1.9982,-0.0083,,59.97,9.9278,0.2838,76.8556,8.3006,5.2257,-6285.0,15.73
2008-09-08 19:33:00,0,0.5564,-0.0088,,43.1206,5.8414,0.2838,76.4222,8.3006,4.2563,-5342.5,15.73
2008-09-08 20:00:00,0,-0.2418,-0.0099,0.0316,57.7947,6.9587,0.1419,71.2889,8.7073,8.1605,-6489.25,15.63
2008-09-08 21:36:00,0,-1.7136,-0.0092,,103.2609,4.3599,0.0,73.3333,8.5407,5.5502,-5098.25,15.51
2008-09-08 21:53:00,0,-1.3073,-0.0073,,57.8313,4.8576,0.0,71.4444,8.2638,6.2418,-6301.5,15.51
2008-09-08 22:17:00,0,0.8827,-0.0079,,87.7583,7.1603,0.2838,74.2889,8.3006,5.4597,-5570.25,15.73
2008-09-09 00:25:00,0,3.2655,-0.0028,,206.2222,7.2471,0.2838,67.4778,9.754,6.0589,-5636.75,15.61
2008-09-09 03:53:00,0,1.0673,-0.0093,,52.5469,4.879,0.2838,72.3778,8.5003,5.4158,-5714.25,15.73
2008-09-09 08:44:00,0,-0.1773,-0.0105,0.1365,31.5789,6.41,0.1419,73.1222,8.5889,5.6363,-5801.25,15.63
2008-09-10 07:26:00,0,3.0791,-0.0117,0.0191,35.1931,4.4853,0.0473,75.0,8.3006,5.8868,-5183.0,15.78
2008-09-10 09:21:00,0,3.6664,-0.0088,0.0144,65.7224,7.4204,0.0473,75.2222,8.5596,5.2999,-4858.25,15.78
2008-09-10 20:52:00,0,4.0555,-0.0084,,59.2593,6.1799,0.0473,71.6333,8.6074,5.7105,-5218.25,15.78
2008-09-10 20:53:00,0,-3.2082,-0.0111,0.0486,69.4476,8.5892,-0.3784,74.3,8.3006,5.1408,-5520.25,15.74
2008-09-10 21:56:00,0,-2.1182,-0.0101,,64.4362,6.421,0.0473,72.7556,8.5801,5.119,-5408.25,15.78
2008-09-10 23:30:00,0,0.4855,-0.0091,,48.0874,6.8579,0.0473,75.0,8.3179,4.8482,-5160.0,15.78
2008-09-10 23:43:00,0,0.3391,-0.0094,,37.0861,8.6037,0.0473,72.6778,8.5889,5.4988,-5116.5,15.78
2008-09-11 00:17:00,0,1.4345,-0.0096,,27.0833,5.9375,-0.3784,72.7444,8.3179,6.1477,-5400.0,15.74
2008-09-11 05:20:00,0,1.8164,-0.0089,0.0338,46.0028,5.801,0.0,75.2444,8.2638,5.7979,-5763.0,15.66
2008-09-11 06:04:00,0,0.56,-0.0124,,56.4516,5.2906,-0.3784,72.6222,8.5801,5.029,-5646.5,15.74
2008-09-11 07:43:00,0,-1.1427,-0.0064,,73.2943,3.8475,0.0473,76.3556,8.3006,5.472,-5544.25,15.78
2008-09-11 08:06:00,0,5.4718,-0.0107,,52.3364,6.0985,-0.3784,75.2667,8.2395,5.5698,-5310.5,15.74
2008-09-11 08:58:00,0,-4.6736,-0.0086,,37.1553,7.6915,-0.3784,72.0778,8.6074,5.6868,-5377.25,15.74
2008-09-11 09:24:00,0,1.2691,-0.0093,0.0142,47.5034,6.5857,0.0473,72.3,8.3179,5.5802,-5528.75,15.78
2008-09-11 12:47:00,0,1.6309,-0.0074,,41.8919,6.4754,0.0,73.6889,8.3006,5.5936,-5275.0,15.66
2008-09-11 13:36:00,0,3.1382,-0.0086,,44.1219,7.8219,0.0,67.5333,8.8424,5.7609,-5646.0,15.66
2008-09-11 14:20:00,0,1.91,-0.0104,,59.9034,9.243,0.0473,72.9333,8.5003,5.5644,-6468.0,15.75
2008-09-11 14:24:00,0,4.3955,-0.0108,,24.102,3.2727,0.0473,71.0333,8.8836,6.4329,-5645.75,15.75
2008-09-11 14:31:00,0,2.1173,-0.0092,,43.3018,6.5354,0.0473,74.4667,8.3179,5.7019,-4675.25,15.78
2008-09-11 15:05:00,0,2.3855,-0.0096,0.2285,72.0627,6.7805,0.0,73.2778,8.2638,5.558,-5335.5,15.66
2008-09-11 15:08:00,0,1.2882,-0.0102,0.0329,49.8778,8.2318,0.0473,72.4333,8.5596,5.3749,-5197.5,15.75
2008-09-11 16:28:00,0,3.9027,-0.0106,0.0198,33.9223,9.1554,0.0,75.4556,8.3006,5.6221,-5892.25,15.66
2008-09-11 21:13:00,0,-2.5482,-0.009,0.0076,70.9141,5.2171,-0.3784,72.9333,8.5801,4.904,-5322.25,15.74
2008-09-11 22:07:00,1,1.5218,-0.0102,,37.1184,4.3655,0.0473,74.6889,8.6074,5.8638,-5536.5,15.78
2008-09-11 23:10:00,0,-0.8736,-0.0108,,35.1852,4.1612,0.0473,67.2778,9.754,4.6235,-5393.5,15.75
2008-09-11 23:48:00,1,1.7073,-0.0088,,45.4545,5.6009,-0.3784,68.6111,8.7073,6.0207,-5545.25,15.74
2008-09-12 05:11:00,0,2.1982,-0.0107,0.0411,73.9181,6.1374,-0.1419,70.9778,8.7073,5.8384,-6002.0,15.54
2008-09-12 05:55:00,0,2.4218,-0.0086,0.1122,41.7391,5.6564,-1.135,69.5222,8.5862,5.6986,-6313.5,15.73
2008-09-12 06:38:00,0,4.9555,-0.0097,0.0354,48.32899999999999,9.9444,-0.1419,72.8778,8.441,5.7798,-1263.5,15.54
2008-09-12 06:41:00,0,1.8709,-0.0115,0.0569,45.9372,7.6829,-1.135,67.0111,8.7932,7.4754,-5512.0,15.73
2008-09-12 06:45:00,0,0.7355,-0.0081,0.0151,46.9861,4.7399,-0.1419,73.3444,8.572000000000001,6.5044,-4386.0,15.54
2008-09-12 07:21:00,0,1.2809,-0.0112,0.0174,41.9175,4.3922,-0.5677,72.5444,8.3331,6.2122,-5371.25,15.67
2008-09-12 07:29:00,0,5.5318,-0.0098,0.0241,44.0461,5.0629,-0.5677,75.3333,8.3006,5.3513,-5553.0,15.67
2008-09-12 07:38:00,0,-3.1227,-0.0111,0.2223,45.9459,4.6652,-0.1419,67.4111,8.5862,5.5427,-5352.25,15.54
2008-09-12 11:57:00,0,6.1855,-0.0117,,62.5938,5.9842,-0.1419,73.6778,8.2981,5.9816,-5472.0,15.54
2008-09-12 13:08:00,0,1.9936,-0.0094,0.0226,68.2667,6.7038,-0.5677,75.3667,8.5407,5.7628,-5611.75,15.67
2008-09-12 14:52:00,0,0.2436,-0.0086,0.0391,57.2263,5.772,-1.135,72.8556,8.3331,5.382999999999999,-5456.75,15.73
2008-09-12 15:40:00,0,2.9073,-0.0101,0.0603,59.1133,4.1934,-0.5677,75.2333,8.2638,4.3798,-5196.75,15.67
2008-09-12 16:23:00,0,0.3491,-0.0069999999999999,0.0178,42.6288,4.672,-0.5677,70.0111,8.897,5.8604,-5612.5,15.67
2008-09-12 18:01:00,0,1.1136,-0.0102,0.0185,58.5366,5.5958,-1.135,75.7222,8.2395,5.3527,-5867.0,15.73
2008-09-12 18:52:00,0,1.3009,-0.0092,0.4793,19.6721,5.1379,-1.135,75.0889,8.2395,5.6737,-5143.5,15.73
2008-09-12 19:36:00,0,2.1918,-0.0108,0.0163,29.6984,4.8167,-0.8988,73.1222,8.2395,5.5559,-5611.75,15.79
2008-09-12 20:28:00,0,,-0.0106,0.0187,50.8235,,-0.8988,71.8556,8.6706,5.6552,-6616.0,15.79
2008-09-12 21:12:00,0,0.1809,-0.0082,0.0231,75.2656,4.282,-1.135,73.7222,8.3179,4.5473,-5495.0,15.73
2008-09-12 22:25:00,0,0.7482,-0.0102,0.0199,37.3464,6.6146,-1.135,74.0111,8.2395,5.1075,-5370.0,15.73
2008-09-12 22:45:00,0,2.5491,-0.0103,0.035,38.9294,5.6037,-0.5677,75.6222,8.3006,5.66,-5549.5,15.67
2008-09-12 23:28:00,0,-0.6645,-0.0081,0.0255,26.0465,4.5947,-0.5677,73.0556,8.5003,5.5983,-6417.75,15.67
2008-09-12 23:40:00,0,6.1882,-0.0108,0.0232,53.7659,7.0742,-0.8988,71.4667,8.3273,6.0917,-5440.25,15.79
2008-09-13 00:25:00,0,4.6209,-0.01,0.0274,70.2635,5.2964,-0.1419,74.4778,8.3542,5.4544,-5563.5,15.54
2008-09-13 02:57:00,0,3.0345,-0.0115,0.0203,34.8964,6.674,-0.4258,73.5667,8.4278,4.7851,-5470.25,15.8
2008-09-13 03:14:00,0,-4.2064,-0.0088,0.02,39.8293,3.3622,-0.8988,70.4778,9.0145,6.1271,-5411.75,15.79
2008-09-13 09:19:00,0,6.1727,-0.0098,0.019,36.8758,10.9203,-0.5677,74.8556,8.3542,5.7073,-5762.75,15.67
2008-09-13 10:55:00,0,7.3164,-0.0105,,75.9193,3.2839,-0.4258,74.5778,8.3588,6.3023,-5585.25,15.8
2008-09-13 11:42:00,0,4.5918,-0.0091,,73.4247,3.8241,-0.4258,70.1556,9.0145,5.7703,-5753.5,15.8
2008-09-13 11:56:00,1,3.2273,-0.0076,0.0228,87.4172,6.132000000000001,-1.135,65.8,8.6068,5.7088,-4961.25,15.73
2008-09-13 12:48:00,0,6.6827,-0.0101,,59.4059,5.5553,-0.4258,71.0333,8.572000000000001,6.2277,-5505.5,15.8
2008-09-13 14:07:00,0,-4.6636,-0.0127,,42.6036,4.3419,-0.4258,67.9889,9.9964,4.5792,-5592.75,15.8
2008-09-13 16:04:00,0,3.5945,-0.0095,0.043,32.6316,6.0911,-0.8988,70.1667,9.131,5.966,-5578.75,15.79
2008-09-13 16:04:00,0,2.4182,-0.0105,0.0193,43.0108,5.0925,-0.4258,75.4333,8.5596,5.96,-5349.75,15.8
2008-09-13 20:06:00,1,4.6209,-0.0093,0.0394,49.5289,5.9706,-0.1419,71.3222,8.5801,5.9229,-5714.25,15.54
2008-09-14 02:50:00,0,2.2336,-0.0098,,49.8094,3.9954,0.0,73.4778,8.2981,5.5864,-5538.0,15.92
2008-09-14 02:59:00,0,5.2064,-0.0102,0.018,37.3464,4.0558,0.0,73.6111,8.572000000000001,6.2473,-5466.75,15.92
2008-09-14 15:02:00,0,-0.5718,-0.0106,0.0156,58.6982,4.6034,0.0,66.7889,9.0121,5.009,-6397.75,15.92
2008-09-14 15:46:00,0,7.0273,-0.011,0.0168,25.4835,3.7146,0.0,70.3,8.8624,5.2684,-5515.5,15.92
2008-09-14 16:34:00,0,2.1145,-0.0124,0.0428,33.871,5.1912,0.7096,72.6222,8.7932,5.1897,-5617.5,15.73
2008-09-14 17:40:00,0,2.1973,-0.0104,,28.8462,3.7115,0.0,74.5889,8.3179,6.2556,-5517.75,15.92
2008-09-14 18:27:00,0,4.9118,-0.0114,0.0196,30.837,4.8707,0.7096,70.9889,8.8624,5.1057,-5122.5,15.73
2008-09-14 18:27:00,0,4.8127,-0.0103,,47.5728,2.9198,0.7096,72.3444,8.5003,5.6728,-6469.5,15.73
2008-09-14 19:13:00,0,4.4445,-0.0106,0.0954,54.5882,2.9431,0.7096,75.6778,8.2981,6.7223,-5085.75,15.73
2008-09-14 20:00:00,0,5.6155,-0.0101,0.0155,51.358,4.7003,0.7096,75.0889,8.3588,7.4824,-4764.0,15.73
2008-09-14 20:43:00,0,2.8136,-0.0101,0.0125,30.7311,5.8022,0.7096,68.4889,9.131,6.2503,-5195.75,15.73
2008-09-14 20:45:00,0,3.9527,-0.0115,0.0307,35.5363,2.0008,0.7096,74.0,8.3588,5.7861,-5569.75,15.73
2008-09-14 21:31:00,0,3.4482,-0.0079,0.0041,30.3318,5.2947,0.0,74.5556,8.5407,5.4498,-5644.0,15.92
2008-09-14 23:00:00,0,1.3445,-0.0136,,34.4322,3.9991,-1.229,72.9222,8.2395,5.6354,-5250.75,15.73
2008-09-15 02:04:00,0,,-0.0108,,42.3963,,0.0,69.5222,9.131,5.5089,-5334.75,15.84
2008-09-15 10:03:00,0,0.9591,-0.0096,0.023,51.2418,3.1241,0.4731,70.9,8.7015,6.3258,-5209.0,15.75
2008-09-15 11:40:00,0,5.3191,-0.0119,0.0174,46.3158,4.8468,-0.4731,73.2111,8.3591,6.9993,-5392.5,15.68
2008-09-15 12:27:00,0,-2.1555,-0.013,0.021,50.6232,3.9525,-0.4731,75.9,8.4278,5.987,-5494.75,15.68
2008-09-15 16:10:00,0,1.7627,-0.0111,0.0179,38.7824,2.0193,-0.8515,74.5333,8.4278,6.4893,-5436.25,15.71
2008-09-15 16:59:00,0,1.9273,-0.0127,,41.6912,6.2851,-0.8515,74.8667,8.2832,7.5497,-5472.0,15.71
2008-09-15 19:54:00,0,1.2327,-0.0104,0.0166,27.0205,4.0468,-0.0946,72.6333,8.3588,5.4225,-5481.75,15.65
2008-09-15 21:56:00,0,5.4209,-0.0136,0.0446,24.9541,7.0153,-0.8515,67.3,8.58,5.9794,-5261.0,15.71
2008-09-15 22:13:00,0,5.0818,-0.0086,,46.6472,5.2405,0.7096,71.4333,8.5003,5.792000000000001,-6465.0,15.73
2008-09-15 22:45:00,0,5.5109,-0.0115,0.0166,64.2082,4.9138,-0.0946,73.9889,8.2981,5.9043,-5685.0,15.65
2008-09-15 22:54:00,0,-0.07,-0.0329,0.0183,13.6674,7.7911,0.7096,69.2222,23.1583,6.443,-6413.25,15.73
2008-09-15 23:37:00,0,0.5609,-0.0104,0.012,19.2308,2.8961,0.4731,67.6556,9.0121,6.1051,-6515.25,15.75
2008-09-16 07:39:00,0,5.5964,-0.0139999999999999,0.0137,49.4624,4.8447,-0.5677,74.1222,8.272,5.8955,-5204.0,15.71
2008-09-16 07:48:00,0,5.3973,-0.0139999999999999,,39.3912,4.6771,-0.5677,75.4,8.272,5.9968,-5416.5,15.71
2008-09-16 08:50:00,0,2.3182,-0.0105,0.0265,48.6293,8.4018,-0.5677,70.7,9.131,5.6932,-5502.0,15.71
2008-09-16 08:52:00,0,6.0773,-0.0077,,66.0194,3.9105,-0.5677,75.1889,8.3436,6.7406,-5543.0,15.71
2008-09-16 09:37:00,0,4.3136,-0.0084,0.0177,29.8507,5.1801,-0.5677,74.0333,8.272,6.9159,-5529.25,15.71
2008-09-16 17:07:00,0,-2.3509,-0.0123,0.0297,60.3466,10.4136,-0.1419,67.2889,9.6938,5.5576,-5572.25,15.82
2008-09-16 18:09:00,0,1.1618,-0.0086,0.0243,55.81399999999999,10.5293,-0.5677,75.1667,8.5596,5.8683,-5257.75,15.71
2008-09-16 18:23:00,0,0.5764,-0.0095,,46.5608,4.1425,-0.8988,71.5111,8.3273,6.3499,-5348.75,15.81
2008-09-16 19:34:00,0,6.8491,-0.0134,,21.6822,4.3849,-0.1419,68.3111,9.0061,5.9756,-5418.75,15.82
2008-09-16 19:45:00,0,-0.7245,-0.0137,0.0207,26.2056,4.6526,0.0,72.3444,8.287,4.3803,-5704.5,15.74
2008-09-16 21:21:00,0,-0.2227,-0.0128,0.019,44.5313,4.4168,-0.8988,73.1333,8.7932,5.5404,-5710.5,15.81
2008-09-16 22:45:00,0,5.9155,-0.0123,,35.6998,5.5662,-0.1419,74.2667,8.2832,6.0134,-5344.25,15.82
2008-09-17 02:01:00,0,2.4209,-0.0112,,38.2222,6.6675,-0.1419,70.7778,9.0145,5.915,-5451.75,15.82
2008-09-17 04:23:00,1,13.5518,-0.0141,0.2298,28.4698,5.5608,-0.1419,73.4111,8.9562,6.8253,-5249.0,15.82
2008-09-17 07:14:00,0,3.0945,-0.0108,0.015,91.9861,1.6872,-0.8988,73.1222,8.3542,5.7734,-5603.75,15.81
2008-09-17 07:28:00,0,-1.2336,-0.0131,0.0202,36.7816,4.0648,-0.1419,68.8444,8.6068,7.0915,-5662.0,15.82
2008-09-17 21:52:00,0,4.4409,-0.0136,,113.9706,4.7966,-1.56,75.7556,8.2832,6.0475,-5477.5,15.89
2008-09-18 00:57:00,0,-4.6109,-0.0142,0.0427,25.3521,6.1402,-0.8988,66.0222,9.0811,4.7402,-6521.5,15.81
2008-09-18 01:40:00,0,1.89,-0.0131,0.017,26.7431,3.255,-1.56,68.6444,8.7373,6.4735,-5632.75,15.89
2008-09-18 01:43:00,0,0.4527,-0.0107,0.0401,45.74100000000001,7.172999999999999,0.0,73.4333,8.7932,6.5385,-5619.25,15.84
2008-09-18 02:01:00,0,-0.2036,-0.0117,0.0227,44.397,3.2689,-1.56,72.3444,8.3591,6.2248,-5619.0,15.89
2008-09-18 03:58:00,0,-3.7536,-0.0134,0.0,19.4211,4.8003,-1.56,71.9444,8.7932,6.4957,-5525.25,15.89
2008-09-18 03:58:00,0,-3.9045,-0.0132,0.0393,27.3504,5.3634,0.0,71.6556,8.6149,7.536,-5207.25,15.84
2008-09-18 05:44:00,0,-2.81,-0.0121,0.0635,27.1885,4.4836,-1.56,75.5222,8.3591,5.1985,-5391.75,15.89
2008-09-18 05:58:00,0,-2.6109,-0.0123,0.0,31.7073,2.5503,-1.56,75.5889,8.5571,5.8323,-5621.0,15.89
2008-09-18 08:04:00,0,-2.6273,-0.013,0.0228,35.3506,5.1077,-0.5677,67.3889,8.7646,5.3998,-5561.0,15.86
2008-09-18 10:48:00,0,5.4709,-0.0123,0.0372,23.6735,5.2009,0.0,74.9111,8.8889,6.1519,-5652.5,15.84
2008-09-18 13:48:00,0,0.5218,-0.0093,0.0249,49.1979,2.9002,0.0473,72.2778,8.287,6.104,-5627.5,15.75
2008-09-18 17:22:00,0,4.3982,-0.0127,0.0207,45.6244,3.2659,0.0,71.1222,8.7373,6.3857,-5334.0,15.77
2008-09-18 18:12:00,0,0.5518,-0.0123,0.0225,44.8065,6.0246,0.0473,72.6778,8.287,6.4843,-5639.75,15.75
2008-09-18 18:56:00,0,1.4418,-0.0144,0.0158,24.2845,4.6325,0.0473,72.4333,8.6149,5.3579,-5567.75,15.75
2008-09-18 21:12:00,0,-2.5955,-0.0115,0.0278,37.3507,7.4952,0.0473,70.2111,8.897,5.6441,-5819.75,15.82
2008-09-18 21:56:00,0,-4.9018,-0.011,0.0185,28.2139,4.0905,0.0473,70.0222,8.7401,5.3963,-5767.25,15.82
2008-09-18 23:00:00,0,0.7636,-0.013,,35.3846,4.7589,0.0,67.5556,9.0425,5.8226,-5476.5,15.91
2008-09-18 23:05:00,0,-2.7845,-0.0112,,35.7942,2.6974,-0.4258,69.0556,8.7635,6.0259,-5345.25,15.89
2008-09-18 23:44:00,0,-2.4709,-0.0135,0.019,31.0536,2.5702,0.0,68.8667,8.7015,6.9644,-5250.75,15.91
2008-09-19 00:30:00,0,-3.2718,-0.0136,0.0166,30.9963,4.0368,0.0,75.3556,8.5571,6.0242,-5777.0,15.77
2008-09-19 01:57:00,0,2.1136,-0.012,0.2109,22.5705,4.1174,0.0,70.3556,8.7373,5.315,-5327.75,15.77
2008-09-19 02:44:00,0,3.9291,-0.0118,0.0217,60.9524,4.1375,0.0,72.5778,9.131,6.3005,-5213.0,15.77
2008-09-19 04:42:00,0,-0.5336,-0.0139999999999999,0.0289,30.0806,5.1598,0.0473,70.5111,8.7015,6.0726,-5138.75,15.75
2008-09-19 05:33:00,0,-1.1836,-0.0122,0.0146,15.5897,4.1362,0.0473,75.9444,8.5571,5.1511,-5406.75,15.75
2008-09-19 05:57:00,0,5.7945,-0.0125,,28.8867,6.0735,-0.5677,72.8667,8.9562,6.5033,-5300.5,15.86
2008-09-19 06:01:00,0,-4.9682,-0.0117,0.0279,36.7521,1.8685,-1.608,74.1222,8.5571,5.9198,-5497.5,15.77
2008-09-19 06:44:00,0,-0.9136,-0.0117,,37.6068,5.8689,0.0473,73.6111,8.6695,5.9107,-5398.75,15.82
2008-09-19 07:14:00,0,-3.65,-0.0122,0.0148,18.7755,4.6997,-1.608,73.3778,8.3663,5.9777,-5217.25,15.77
2008-09-19 07:18:00,0,-2.5345,-0.0119,0.02,37.0137,2.7794,-1.608,70.3111,8.8581,5.5803,-5394.75,15.77
2008-09-19 08:08:00,0,0.86,-0.0128,0.039,76.7875,3.893,-0.4258,67.0889,8.7997,5.7839,-5397.5,15.89
2008-09-19 08:52:00,0,-3.4991,-0.0128,0.0216,38.3562,4.3926,-0.4258,73.7556,8.9833,6.2725,-5543.0,15.89
2008-09-19 09:12:00,0,-5.2327,-0.0124,0.0307,35.6275,5.8077,0.0473,69.9222,8.7401,6.7203,-5526.0,15.75
2008-09-19 09:47:00,0,-1.79,-0.0136,0.0196,30.0366,2.2725,-1.608,72.3778,8.4278,6.1788,-5445.5,15.77
2008-09-19 10:45:00,0,1.0309,-0.0127,0.0222,40.1575,5.1741,-1.608,70.0111,8.7401,6.6719,-4971.75,15.77
2008-09-19 11:13:00,0,-4.0109,-0.0124,0.0469,41.8933,5.8152,-1.608,73.7667,8.3663,6.0738,-5001.0,15.77
2008-09-19 11:54:00,0,1.4727,-0.013,0.0436,42.9119,5.654,-0.4258,65.0778,9.0606,4.5335,-5368.75,15.89
2008-09-19 13:59:00,0,-1.2427,-0.0133,0.0498,35.272,5.5738,-1.135,65.7,9.2016,5.4705,-6471.25,15.9
2008-09-19 15:31:00,0,2.4845,-0.0139,0.0175,27.2646,4.0141,-1.135,72.2667,8.8548,5.2121,-5335.0,15.9
2008-09-19 16:40:00,0,0.79,-0.0117,0.0597,17.0758,4.9118,-1.135,63.0333,9.1287,4.423,-5613.0,15.9
2008-09-19 16:58:00,1,5.6618,-0.0136,0.0475,35.3266,5.5285,0.0,66.3111,8.6772,6.2036,-5459.0,15.91
2008-09-19 17:47:00,0,-2.4345,-0.0101,,52.6708,3.6744,-1.797,69.3,8.7635,7.6774,-5398.5,15.8
2008-09-19 18:11:00,0,-1.4027,-0.0113,,30.9051,3.6998,-1.797,67.6333,8.7635,5.4441,-5012.75,15.8
2008-09-19 18:33:00,0,-4.5936,-0.0115,,45.1193,4.1924,-1.797,69.8667,8.7635,6.1794,-5248.25,15.8
2008-09-19 19:18:00,0,-0.3309,-0.0118,,42.4178,3.2036,-1.797,67.8111,8.7635,5.7652,-5658.25,15.8
2008-09-19 19:29:00,0,2.6718,-0.0107,0.0248,36.534,2.7091,-1.797,66.0111,8.6772,5.763999999999999,-5604.5,15.8
2008-09-19 20:05:00,0,4.9845,-0.0127,0.0422,49.6063,4.218,-3.4960000000000004,73.9333,8.5801,5.7709,-5494.75,15.71
2008-09-19 20:07:00,0,-3.4445,-0.0126,,39.005,4.7695,-3.4960000000000004,73.2333,8.287,5.9415,-5549.25,15.71
2008-09-19 20:10:00,0,2.2855,-0.0141,0.0174,45.9364,3.9185,-3.4960000000000004,72.4778,8.6149,5.5605,-5370.75,15.71
2008-09-19 20:17:00,0,22.4673,-0.0094,0.025,36.3151,2.5653,-3.4960000000000004,72.3556,8.2395,4.9316,-5573.75,15.71
2008-09-19 20:19:00,1,6.5645,-0.0047,0.0275,80.6366,2.0751,-0.4258,72.4889,8.9475,4.4655,-5370.25,15.89
2008-09-19 21:08:00,0,-4.6227,-0.0109,0.0203,36.6972,5.7416,-1.135,75.0444,8.3591,5.3685,-5599.25,15.9
2008-09-19 21:09:00,1,5.5455,-0.0138,0.0408,34.8457,6.9636,0.0,66.2,8.6772,6.3218,-4994.25,15.77
2008-09-19 21:13:00,0,-2.1518,-0.0126,0.0219,41.2289,4.4519,-3.4960000000000004,73.1333,8.4278,6.7794,-5515.0,15.71
2008-09-19 21:14:00,0,6.25,-0.0102,,38.4236,4.275,-3.4960000000000004,72.1,8.3436,5.4697,-5738.75,15.71
2008-09-19 21:59:00,1,3.2509,-0.013,0.0231,34.5158,5.7289,-1.135,69.0556,8.6772,5.8371,-5508.75,15.9
2008-09-19 23:26:00,0,0.9909,-0.0118,0.0185,54.1799,4.2708,-3.025,75.3889,8.3663,5.5692,-5580.25,15.71
2008-09-19 23:33:00,0,-3.8655,-0.0103,0.0321,20.4629,6.381,-3.025,70.3556,8.6611,4.5618,-5554.5,15.71
2008-09-20 00:18:00,0,-0.75,-0.0091,0.0181,57.1429,5.8268,-3.025,67.7556,8.6544,5.4452,-5692.5,15.71
2008-09-20 00:33:00,0,0.2745,-0.0101,0.0185,52.3457,2.8753,-1.135,70.9667,8.6611,5.9651,-5834.75,15.9
2008-09-20 03:58:00,0,-5.9273,-0.0126,,34.2289,5.2422,-3.4960000000000004,68.1667,8.7635,5.537999999999999,-5612.25,15.75
2008-09-20 04:13:00,0,-2.9209,-0.0134,0.0451,12.6512,1.9674,-3.4960000000000004,71.2111,8.287,5.5445,-5588.0,15.75
2008-09-20 04:28:00,0,-3.74,-0.0098,,34.7826,2.7876,-3.4960000000000004,75.5556,8.5571,6.2653,-5153.75,15.71
2008-09-20 05:22:00,0,-0.0691,-0.0113,,44.1014,2.6536,-3.025,70.3444,8.7401,4.9591,-5365.75,15.71
2008-09-20 05:25:00,0,5.1136,-0.0121,0.017,43.8923,7.7186,-3.025,70.1222,8.7015,5.0749,-5437.0,15.71
2008-09-20 05:34:00,0,1.7082,-0.0102,0.0539,77.8325,4.001,-3.025,76.1667,8.9833,5.0656,-5007.75,15.71
2008-09-20 06:08:00,0,1.5555,-0.0143,,27.2489,2.8002,-1.702,71.4333,8.6149,5.2879,-5357.5,15.87
2008-09-20 07:21:00,0,1.3136,-0.0116,,19.8276,5.4938,-3.025,63.7889,9.1287,4.9325,-5031.25,15.71
2008-09-20 08:14:00,0,-1.0182,-0.0119,,38.6555,6.2631,-3.4960000000000004,68.2,8.7779,5.0135,-5966.75,15.75
2008-09-20 10:51:00,0,-0.9945,-0.0132,0.0097,24.3115,6.5778,-2.647,71.5444,8.287,5.7735,-5477.5,15.82
2008-09-20 11:18:00,0,-0.9236,-0.0112,0.0184,59.6882,6.5365,-3.025,66.9889,8.7548,5.4381,-5759.75,15.71
2008-09-20 12:20:00,0,-0.6609,-0.0109,,25.7471,4.9039,-3.732,62.2889,9.1287,4.7264,-5622.0,15.73
2008-09-20 12:26:00,0,-0.1918,-0.0139,0.0194,22.3423,3.0794,-3.732,74.1556,8.4278,5.5402,-5215.5,15.73
2008-09-20 12:27:00,0,-2.2818,-0.0115,0.0607,45.9372,4.6798,-3.732,66.8667,8.7548,5.7814,-5540.5,15.73
2008-09-20 12:36:00,0,-5.9336,-0.0104,,39.4231,6.0378,-3.4960000000000004,71.6444,8.7199,4.492,-6561.25,15.71
2008-09-20 12:57:00,0,5.7182,-0.0107,0.0216,39.0698,7.5307,-3.732,68.7778,8.8546,5.5603,-5526.0,15.73
2008-09-20 14:00:00,0,-5.1255,-0.0132,0.0199,47.1035,3.6831,-3.732,74.1111,8.3591,6.1328,-5476.25,15.73
2008-09-20 14:06:00,0,-2.1309,-0.0103,0.0197,34.1048,6.4533,-3.732,71.6444,8.6149,5.6093,-5261.75,15.73
2008-09-20 14:42:00,0,0.42,-0.0087,0.0188,50.4298,6.8146,-2.647,72.7667,8.6695,5.6325,-5444.75,15.82
2008-09-20 14:50:00,0,-1.1945,-0.0106,,40.423,6.4728,-3.591,72.7778,8.7932,5.2014,-5290.0,15.7
2008-09-20 14:53:00,0,-3.5291,-0.0127,0.0373,14.1454,5.8253,-3.025,65.0889,9.0811,5.0479,-6493.0,15.71
2008-09-20 15:02:00,0,-3.4291,-0.0125,0.0094,31.8725,3.2658,-3.732,72.3889,8.8562,5.8914,-5743.25,15.73
2008-09-20 15:19:00,0,-2.1709,-0.0111,,47.8016,4.197,-2.647,70.5111,8.6611,6.7152,-5364.0,15.82
2008-09-20 15:37:00,0,-5.9573,-0.012,0.0508,34.3096,5.1833,-2.647,74.7778,8.3663,4.5082,-5501.0,15.82
2008-09-20 15:46:00,0,-1.0464,-0.013,0.0187,37.7649,4.9448,-3.732,72.3222,8.9562,5.6386,-5537.0,15.73
2008-09-20 16:43:00,0,4.2391,-0.0133,,33.9623,5.8338,-3.591,76.4667,8.9833,5.3222,-5423.25,15.7
2008-09-20 16:44:00,0,-1.6873,-0.0113,0.026,38.1798,4.1093,-3.591,68.3667,8.7779,8.9893,-4682.0,15.7
2008-09-20 17:26:00,0,1.0145,-0.0114,,51.0451,3.6118,-3.591,71.1667,8.7073,5.547000000000001,-6469.5,15.7
2008-09-20 17:29:00,0,-0.8727,-0.0113,0.0209,46.7991,4.3145,-3.591,73.1556,8.6149,5.6351,-5305.0,15.7
2008-09-20 18:03:00,0,-4.2364,-0.013,0.0174,32.9502,3.5871,-2.647,68.0778,8.7401,5.8253,-5671.25,15.82
2008-09-20 18:21:00,0,-5.1391,-0.0109,0.0365,53.211000000000006,4.3478,-3.779,65.6,9.2016,5.9498,-5614.75,15.74
2008-09-20 18:56:00,0,1.54,-0.0101,0.0138,42.3645,5.5782,-3.779,73.3778,9.0639,6.4716,-5459.75,15.74
2008-09-20 19:14:00,0,0.1082,-0.0114,,50.7104,8.686,-3.732,65.6889,9.2016,4.5917,-5504.75,15.73
2008-09-20 19:21:00,0,-1.67,-0.0104,,47.9042,6.8634,-3.591,76.6333,8.9833,4.8494,-5648.25,15.7
2008-09-20 23:34:00,0,-4.89,-0.0122,0.0224,32.8205,2.9432,-3.779,72.1889,8.8078,5.9451,-5300.25,15.74
2008-09-21 00:48:00,0,-6.5282,-0.011,0.0277,19.1126,3.8322,-3.591,74.3444,8.1166,5.7907,-5121.5,15.7
2008-09-21 01:06:00,0,7.03,-0.0125,0.0523,19.2192,6.4358,-2.647,69.6333,8.6068,5.5763,-5491.75,15.82
2008-09-21 02:07:00,0,-2.6355,-0.0103,0.0171,51.5188,6.1127,-3.779,65.0778,9.0606,4.9426,-5409.0,15.74
2008-09-21 03:04:00,0,1.3936,-0.0111,0.0236,20.7207,6.4565,-2.647,66.8222,9.6136,5.5793,-5274.25,15.82
2008-09-21 03:47:00,0,-3.7045,-0.0128,0.0179,22.6562,6.9715,-3.591,73.3667,8.6695,5.0433,-5339.0,15.7
2008-09-21 04:17:00,0,-0.45,-0.0107,,37.3396,5.1544,-3.779,67.8778,8.7779,5.053,-5966.75,15.74
2008-09-21 04:49:00,0,-1.4564,-0.0124,0.0201,56.5086,3.5747,-3.779,63.8222,9.0606,5.7032,-6351.0,15.74
2008-09-21 07:30:00,0,-2.6364,-0.0098,,52.1739,3.7718,-3.591,70.7556,8.8331,6.2211,-5623.5,15.7
2008-09-21 07:55:00,0,3.9818,-0.0116,0.0193,34.5572,5.3483,-2.647,65.9667,9.0776,6.4328,-5303.0,15.82
2008-09-21 08:22:00,0,-4.2327,-0.0096,,54.3791,7.7983,-3.591,68.0222,8.8546,6.3413,-5675.0,15.7
2008-09-21 08:49:00,0,-0.8045,-0.0093,,61.2903,5.2201,-3.779,69.1778,8.9979,5.1675,-5439.25,15.74
2008-09-21 09:16:00,0,-0.0164,-0.0103,,43.849,4.2753,-3.591,71.0778,8.8548,4.6711,-5949.25,15.7
2008-09-21 09:31:00,0,0.7827,-0.0114,0.0563,28.8525,6.5144,-3.591,68.9,9.0425,6.1941,-6189.75,15.7
2008-09-21 10:07:00,0,-0.4409,-0.0118,,55.0265,6.1962,-3.591,72.2889,8.3663,7.227,-5125.75,15.7
2008-09-21 10:49:00,0,2.1136,-0.0095,0.0197,58.6387,7.4407,-3.591,75.0111,8.3663,4.9302,-5387.0,15.7
2008-09-21 11:33:00,0,-1.66,-0.0099,0.0183,49.4325,1.942,-3.591,68.5111,8.9191,6.3559,-5145.25,15.7
2008-09-21 12:04:00,0,3.0982,-0.0126,0.0435,25.3968,4.8741,-2.647,67.9778,8.8546,6.0793,-5548.25,15.82
2008-09-21 14:30:00,0,1.4009,-0.0127,,34.7826,4.8971,-3.732,70.0667,8.8581,5.01,-5648.0,15.7
2008-09-21 14:31:00,0,1.1855,-0.0104,0.0303,24.0964,4.5385,-3.732,64.5889,9.2016,5.7919,-6445.0,15.7
2008-09-21 14:33:00,0,-2.6655,-0.0114,,47.3684,2.2386,-3.591,68.1222,9.6136,5.5972,-5441.5,15.7
2008-09-21 15:15:00,0,-1.31,-0.0106,,64.0,8.1214,-3.591,76.1778,8.1161,5.2156,-5482.5,15.7
2008-09-21 15:26:00,0,-3.8836,-0.0102,,51.1685,6.528,-3.732,64.9222,9.2016,5.7186,-5307.5,15.7
2008-09-21 15:34:00,0,-1.5945,-0.0117,,32.4094,7.0549,-3.591,76.5556,8.9833,7.523,-5648.25,15.7
2008-09-21 16:43:00,0,-1.7155,-0.0094,,35.1531,4.2076,-3.732,70.1333,8.8519,5.4893,-5471.75,15.7
2008-09-21 17:26:00,0,-3.2882,-0.0105,,59.9287,4.5105,-3.732,69.6778,8.7997,5.8043,-5399.25,15.7
2008-09-21 17:30:00,0,-2.9182,-0.0108,,44.5993,5.7046,-3.732,69.6556,8.7779,5.7743,-5707.0,15.7
2008-09-21 18:12:00,0,,-0.0103,0.0126,24.3013,,-2.647,76.2444,8.2981,6.0257,-5420.25,15.82
2008-09-21 19:19:00,0,-3.0882,-0.01,,50.7463,6.6096,-3.732,69.9444,8.7015,6.9567,-5525.0,15.7
2008-09-21 20:35:00,0,-0.0045,-0.0112,,32.1788,7.5303,-3.732,73.7667,8.1161,5.2657,-5327.5,15.7
2008-09-21 21:54:00,0,-5.8564,-0.0039,0.0369,204.5307,4.6662,-3.732,68.5556,8.6611,5.7617,-5194.75,15.7
2008-09-21 22:02:00,0,3.9673,-0.0117,0.017,66.881,5.5115,-3.732,66.0333,9.0811,5.5414,-6411.0,15.7
2008-09-22 00:12:00,0,0.7,-0.0106,,48.9412,3.952,-3.543,75.7778,8.1161,5.0174,-5339.5,15.65
2008-09-22 00:28:00,0,-6.6618,-0.0109,0.043,33.9061,5.7503,-3.543,73.1222,8.3591,5.7831,-5443.25,15.65
2008-09-22 00:47:00,0,2.6345,-0.0079,0.0216,76.9716,4.0633,-3.543,72.2444,8.7932,5.2410000000000005,-5776.75,15.65
2008-09-22 01:43:00,0,-0.6327,-0.0122,,40.0409,3.0271,-3.543,68.1111,8.8581,6.2417,-5352.75,15.65
2008-09-22 03:51:00,0,-5.8818,-0.0119,,31.8658,3.9671,-3.543,70.2444,8.7373,6.4591,-5352.5,15.65
2008-09-22 06:05:00,0,-2.2636,-0.0103,0.0262,45.8537,3.5046,-2.93,71.9444,8.7373,5.4689,-5187.75,15.76
2008-09-22 07:12:00,0,0.7382,-0.0118,,33.9343,5.8034,-3.543,76.9333,8.1161,5.1729,-5546.25,15.65
2008-09-22 10:43:00,0,4.9082,-0.0127,,33.1688,3.0357,0.0,70.7111,8.8836,6.3015,-5588.0,15.91
2008-09-22 11:50:00,0,-1.1764,-0.0103,,19.4647,2.9801,-2.93,61.2111,9.1287,4.7149,-6347.75,15.76
2008-09-22 12:11:00,0,-3.1182,-0.013,,41.4986,3.6399,-2.93,64.6556,9.0606,7.4906,-6335.25,15.76
2008-09-22 12:45:00,0,-2.5191,-0.0113,0.0629,36.404,7.4066,-2.93,74.7778,8.9833,5.7958,-5383.25,15.76
2008-09-22 13:03:00,0,-0.9,-0.0085,,70.7965,4.7778,-3.1660000000000004,63.4444,9.1287,5.391,-5475.75,15.71
2008-09-22 14:24:00,0,2.23,-0.0085,,55.4572,2.0773,-3.543,66.4333,8.7548,5.353,-5333.75,15.65
2008-09-22 14:27:00,0,-1.0909,-0.0037,,100.0,5.7275,-3.1660000000000004,67.1111,8.9191,6.9877,-5346.25,15.71
2008-09-22 14:36:00,0,-6.0845,-0.0098,,65.557,5.4246,-3.449,72.3222,9.4336,6.6364,-5291.0,15.72
2008-09-22 16:25:00,0,0.4382,-0.0123,,18.7755,5.5751,-2.93,64.1778,9.1287,5.0402,-6403.0,15.76
2008-09-22 21:30:00,0,2.6227,-0.0104,,38.5542,4.3681,-3.449,69.1,8.897,6.7165,-5984.0,15.72
2008-09-22 21:31:00,0,-6.3391,-0.0113,0.0551,35.3201,2.5684,-3.449,68.6667,8.9191,5.3239,-4951.25,15.72
2008-09-22 22:15:00,0,-2.67,-0.01,,56.7164,7.8399,-3.449,74.9333,9.0639,5.9385,-5167.0,15.72
2008-09-22 22:17:00,0,-2.3891,-0.0114,0.0242,45.6641,5.9176,-3.543,65.2778,8.9221,4.3686,-5135.0,15.65
2008-09-22 23:01:00,0,-3.9218,-0.011,,31.0148,6.2586,-2.789,67.2111,9.6136,6.8358,-5740.75,15.79
2008-09-22 23:10:00,0,-5.52,-0.0127,,52.6523,3.7167,-2.789,68.8111,8.58,5.8981,-5834.5,15.79
2008-09-23 00:57:00,0,-0.0636,-0.0106,,55.9242,10.0705,-2.93,67.5222,8.9191,6.3318,-5176.25,15.76
2008-09-23 06:44:00,0,-1.5991,-0.0112,,72.0801,6.0422,-2.93,71.5889,8.5571,4.8858,-5159.75,15.76
2008-09-23 06:44:00,0,-2.2191,-0.0103,,20.3144,3.8687,-2.789,69.0889,8.6544,5.0736,-5245.75,15.79
2008-09-23 06:52:00,0,2.9864,-0.0136,,35.3266,5.9771,0.0,72.1111,9.0639,7.5929,-5327.5,15.7
2008-09-23 07:58:00,0,0.2464,-0.0104,,27.9518,6.4316,-3.119,68.5444,8.9191,5.1716,-5313.5,15.93
2008-09-23 08:11:00,0,0.7136,-0.0126,,24.5059,4.1454,-3.119,76.9667,8.1161,4.8051,-5450.25,15.93
2008-09-23 09:43:00,0,-3.9555,-0.0111,,58.7571,4.0088,-3.119,66.7778,8.6772,7.894,-5428.75,15.93
2008-09-23 11:14:00,1,0.5609,-0.0139999999999999,,29.2596,14.089,0.0,66.3222,9.2016,7.0939,-5580.75,15.66
2008-09-23 11:42:00,0,-2.5682,-0.0117,,62.5938,3.2156,0.0946,67.5333,8.6799,5.537999999999999,-5573.0,15.7
2008-09-23 11:43:00,0,-1.2991,-0.0146,,21.3058,3.3779,0.0946,68.9333,8.9979,6.189,-5334.5,15.7
2008-09-23 12:29:00,0,-2.7282,-0.0129,0.0175,31.8756,2.8666,0.0946,71.3667,9.0942,5.8075,-5181.75,15.7
2008-09-23 12:31:00,0,-5.4691,-0.0092,,28.1843,4.6156,-3.119,72.9333,8.9132,5.7673,-5450.0,15.93
2008-09-23 12:46:00,0,-2.1,-0.0142,,26.7841,6.5737,-3.119,69.1444,8.8546,5.8274,-5626.25,15.93
2008-09-23 13:37:00,0,-1.9827,-0.0137,,29.927,3.8989,0.0946,67.5222,8.5862,5.5213,-6171.0,15.7
2008-09-23 15:23:00,0,-1.0545,-0.0108,,23.0415,9.2151,0.0,74.0111,9.4336,6.654,-5693.75,15.7
2008-09-23 15:33:00,0,-3.2055,-0.0132,,38.5633,5.6108,0.0,73.5222,8.5298,6.1787,-5715.5,15.7
2008-09-23 15:58:00,0,1.4609,-0.0107,,47.7752,5.8149,0.0946,69.1222,8.897,5.5305,-5663.5,15.7
2008-09-23 18:10:00,0,-3.1227,-0.0113,,27.464,3.3196,-2.789,67.2889,8.8581,5.1815,-5329.25,15.79
2008-09-23 18:36:00,0,-3.7509,-0.0086,,39.708,3.369,-3.449,69.4222,8.8581,6.1863,-5720.25,15.71
2008-09-23 18:56:00,0,-3.2945,-0.0101,,38.6617,5.854,-2.93,69.3222,8.8624,6.5968,-5337.0,15.76
2008-09-23 20:18:00,0,-1.56,-0.0146,,32.9614,2.587,-3.449,69.9,8.9979,6.1318,-5122.5,15.71
2008-09-23 20:59:00,0,-1.0409,-0.012,0.022,26.5836,4.9073,-2.364,65.6444,9.0606,5.6454,-5730.75,15.58
2008-09-23 21:26:00,0,-1.24,-0.0111,0.0186,55.9819,6.5927,-2.364,73.8333,9.4336,7.0986,-5287.5,15.57
2008-09-23 22:25:00,0,-4.4882,-0.0145,0.0212,29.6041,4.3095,-2.364,66.9333,8.7548,5.7942,-5621.5,15.58
2008-09-24 02:19:00,0,1.4409,-0.0121,,48.1328,5.942,0.0,72.0,8.8331,5.464,-5596.25,15.7
2008-09-24 02:44:00,0,-0.0509,-0.0094,,45.7447,3.5047,-3.779,71.4889,8.7609,5.371,-5650.5,15.75
2008-09-24 03:32:00,0,1.7318,-0.0098,,38.6768,3.7079,-3.543,68.2444,8.6544,7.3335,-5295.0,15.65
2008-09-24 03:40:00,0,-0.2436,-0.013,,45.4721,6.4864,0.0,72.7111,8.8078,5.3134,-5344.25,15.7
2008-09-24 05:13:00,0,0.38,-0.0116,,37.149,8.6495,0.0,76.8778,8.1161,5.039,-5412.25,15.66
2008-09-24 05:22:00,0,-2.1409,-0.0126,,62.0278,4.4298,-3.779,68.1111,8.7402,6.5589,-5336.75,15.75
2008-09-24 06:13:00,0,-2.0655,-0.0125,,29.6,3.8622,-3.119,71.9111,8.7609,3.6378,-5407.5,15.93
2008-09-24 06:14:00,0,-4.3955,-0.0185,,42.7316,5.4073,-3.119,72.4,13.5481,4.8406,-5535.5,15.93
2008-09-24 07:23:00,0,-1.9291,,,,4.0911,-2.364,67.6,8.9979,6.2695,-5490.25,15.57
2008-09-24 10:10:00,0,-4.6591,-0.013,0.0198,30.7988,5.8666,-2.364,74.4889,8.8889,6.3735,-5358.5,15.58
2008-09-24 10:53:00,0,-0.5327,-0.0112,0.0216,41.9175,6.4537,0.0,70.5333,8.6611,5.115,-5479.25,15.7
2008-09-24 10:59:00,0,-1.0827,-0.0133,,39.9247,5.5896,-3.779,69.6111,8.597999999999999,6.9613,-5278.0,15.75
2008-09-24 11:47:00,0,-0.3727,-0.0179,0.0213,22.9531,6.8759,-3.779,73.5889,8.6074,6.2445,-5611.75,15.75
2008-09-24 12:04:00,0,-1.0473,-0.0131,,34.2531,4.6312,0.0,71.4111,9.4336,5.1909,-5320.0,15.7
2008-09-24 12:35:00,0,0.9736,-0.0139,,30.2976,5.374,-2.364,72.6778,13.5481,5.187,-5511.5,15.57
2008-09-24 13:01:00,0,-3.9509,-0.0147,0.021,19.0476,4.1335,-3.119,73.1111,8.5735,5.7221,-5535.0,15.93
2008-09-24 15:05:00,1,1.0027,-0.0139,,38.9189,7.1443,0.0,72.2333,8.9132,4.6087,-5477.0,15.7
2008-09-24 15:39:00,0,2.8109,-0.0093,,58.9023,5.9339,0.0,73.9778,8.9132,6.1564,-5408.75,15.7
2008-09-24 15:42:00,0,-3.6145,-0.0151,,39.6694,3.0022,-3.779,74.0556,8.5298,4.8866,-5699.25,15.75
2008-09-24 15:43:00,0,-5.76,-0.0121,0.0207,71.6787,3.5226,-3.119,67.4444,9.6136,4.7410000000000005,-5301.75,15.93
2008-09-24 16:26:00,0,-1.6109,-0.0069,0.0485,62.4319,5.824,-1.939,73.8889,8.4537,5.6492,-5377.75,15.69
2008-09-24 17:54:00,0,2.32,-0.0131,,49.7132,4.7428,-2.93,66.8,8.7646,6.9572,-5228.25,15.76
2008-09-24 18:05:00,0,-1.2491,-0.009,,18.8889,3.8315,-2.553,74.3222,8.4537,6.2034,-5234.25,15.75
2008-09-25 01:05:00,0,0.1873,-0.0137,,27.8134,3.4793,-2.033,69.4222,8.6544,7.5845,-5359.25,15.8
2008-09-25 02:03:00,0,4.8791,-0.0103,,37.9101,3.1537,-2.553,72.0333,8.942,6.6877,-5684.5,15.75
2008-09-25 06:21:00,0,-2.0209,-0.0126,0.0159,27.8607,2.5282,-3.072,72.8,8.4537,7.3463,-5685.5,15.69
2008-09-25 07:12:00,0,-0.7391,-0.0114,,48.2986,5.1621,-2.505,74.4111,13.5481,7.0614,-5534.0,15.73
2008-09-25 07:58:00,0,-2.8727,-0.0141,,44.0889,3.7156,-2.458,67.3778,8.58,5.4235,-5685.0,15.68
2008-09-25 08:45:00,0,2.6036,-0.009,,30.9392,4.3881,-2.553,73.8778,8.942,7.635,-5499.25,15.75
2008-09-25 09:31:00,0,-5.9418,-0.0122,,19.6118,7.3721,-2.458,67.7222,8.7779,6.4645,-5761.5,15.68
2008-09-25 10:23:00,0,-4.9891,-0.0137,0.02,43.7557,2.4393,-2.553,69.7667,8.8519,6.202000000000001,-5523.0,15.75
2008-09-25 11:08:00,0,-2.9718,-0.013,,21.6008,2.9925,-2.6,71.8444,8.8331,6.2383,-5424.75,15.78
2008-09-25 11:09:00,0,-0.9364,-0.0158,,25.3365,2.9235,-2.222,71.8,8.5851,6.5571,-5977.25,15.73
2008-09-25 11:55:00,0,1.1673,-0.0184,,37.032,3.0408,-2.175,74.0444,8.9154,5.6573,-4900.75,15.71
2008-09-25 13:42:00,0,0.6009,-0.0094,,26.455,4.5318,-2.175,66.2444,8.8105,7.1218,-5264.0,15.71
2008-09-25 14:08:00,0,2.6473,-0.0103,,35.122,3.2434,-2.08,76.0667,8.1166,4.8007,-5598.75,15.71
2008-09-25 14:28:00,0,0.5364,-0.0132,,45.4115,4.1514,-2.6,72.3333,8.7609,5.4703,-5588.25,15.78
2008-09-25 15:12:00,0,-2.5036,-0.0115,,61.7391,5.4421,-2.505,67.2333,8.7383,9.8724,-5062.25,15.73
2008-09-25 15:40:00,0,-0.6327,-0.0119,,26.1328,5.515,-2.08,70.8667,8.8078,5.1895,-5434.25,15.71
2008-09-25 15:55:00,0,0.77,-0.0115,,21.7391,3.9462,-2.553,75.1667,8.8097,5.1206,-5455.25,15.75
2008-09-25 16:44:00,0,-3.1818,-0.0157,,46.5339,2.9339,-2.505,68.7667,8.6611,5.9905,-5825.25,15.73
2008-09-25 17:28:00,0,-0.8436,-0.0095,,15.8103,6.6223,-2.505,66.6111,8.597999999999999,4.9533,-5489.5,15.73
2008-09-25 17:29:00,0,-2.2409,-0.0127,,27.4779,5.1201,-2.175,71.5222,8.8562,6.8771,-5411.0,15.71
2008-09-25 19:49:00,0,2.2982,-0.0138,,55.7971,4.252,-2.175,67.2778,8.6799,6.0821,-5402.0,15.71
2008-09-25 22:05:00,0,-3.1255,-0.0129,,20.9709,4.0177,-2.08,68.6111,8.5862,5.4758,-5870.5,15.71
2008-09-25 23:04:00,0,-1.1727,-0.0114,0.0515,64.8412,4.338,-2.647,67.4667,8.7646,7.9436,-5293.0,15.77
2008-09-25 23:48:00,0,1.2955,-0.0108,,22.2997,4.624,-2.647,75.8,8.9818,5.7108,-5630.25,15.77
2008-09-26 00:19:00,0,-2.9727,-0.0122,,44.3077,5.8586,-2.647,73.7222,9.0942,7.0117,-5615.75,15.77
2008-09-26 01:21:00,0,4.3955,-0.0129,,29.4288,3.3263,-2.647,73.0556,9.0942,6.2214,-5353.75,15.77
2008-09-26 02:26:00,0,-3.4964,-0.0113,0.0353,51.1577,6.2188,-2.647,68.6778,8.7646,7.0989,-5404.0,15.77
2008-09-26 03:12:00,0,-3.2155,-0.0139999999999999,,20.7885,2.7452,-3.025,71.9333,8.8597,4.9774,-5360.5,15.7
2008-09-26 03:29:00,0,2.0282,-0.0144,,31.1688,6.4921,-2.505,66.8222,8.6772,5.6077,-5539.75,15.73
2008-09-26 04:14:00,0,-3.6155,-0.0093,0.0,63.3557,2.9962,-2.317,67.7778,8.7383,5.7218,-5303.5,15.69
2008-09-26 05:32:00,0,-4.1018,-0.0156,,53.12,4.0088,-2.505,75.0,8.8097,5.7514,-5712.75,15.73
2008-09-26 11:08:00,0,0.1982,-0.0116,,33.6207,2.5177,-2.647,72.7778,8.9818,6.3682,-5289.0,15.77
2008-09-26 13:36:00,0,-5.9682,-0.0098,0.0146,21.4286,3.8774,-1.797,73.8333,8.9132,5.4541,-5598.75,15.76
2008-09-26 13:45:00,0,-1.4409,-0.012,0.0518,44.3051,2.5745,-2.175,70.8222,8.942,5.2888,-5523.25,15.71
2008-09-26 14:20:00,0,-2.6709,-0.0132,0.0247,45.3258,3.1113,-2.175,71.9667,8.7932,5.6144,-5366.75,15.71
2008-09-26 14:51:00,0,0.0327,-0.0121,0.0159,32.2981,2.5159,-2.505,69.7889,8.8519,5.3256,-5760.0,15.73
2008-09-26 15:06:00,0,1.7018,-0.0112,0.0233,82.2346,4.1438,-2.458,68.8444,8.6472,5.3665,-5078.75,15.6
2008-09-26 15:36:00,0,-3.3455,-0.0095,,64.5503,5.7818,-3.072,73.5778,13.5481,7.0125,-5345.75,15.69
2008-09-26 15:49:00,0,-2.4373,-0.0116,,30.205,3.6829,-2.6,67.5111,8.9979,5.3753,-5515.0,15.78
2008-09-26 16:31:00,0,-6.0455,-0.0123,,30.1733,3.5785,-1.797,67.9444,8.597999999999999,5.7628,-5647.5,15.76
2008-09-26 17:59:00,0,-3.2255,-0.0139,,50.9417,3.911,-2.505,68.5667,8.597999999999999,5.9209,-5283.0,15.73
2008-09-26 18:54:00,0,-9.1,-0.0088,0.0136,66.2857,6.1557,-2.553,71.9444,8.9857,7.9693,-5463.75,15.75
2008-09-26 19:38:00,0,2.2727,-0.0172,0.03,31.3498,5.0108,-2.6,73.5778,8.3159,7.9929,-5569.5,15.73
2008-09-26 19:45:00,0,-0.9536,-0.0128,,37.4269,4.7569,-3.025,76.7556,8.1166,8.9384,-5390.0,15.7
2008-09-26 19:55:00,0,-2.5027,-0.0092,0.0269,30.3935,4.6539,-2.6,71.4667,8.8562,6.6904,-5160.5,15.78
2008-09-26 20:23:00,0,-3.8791,-0.0109,,41.3793,5.1665,-2.553,72.3556,8.9857,8.4224,-5654.75,15.75
2008-09-26 20:31:00,0,-6.6409,-0.0143,,22.4168,2.9266,-3.025,71.5222,9.4336,5.959,-5455.25,15.7
2008-09-27 00:16:00,0,-5.6945,-0.0121,,23.8683,3.8017,-1.939,72.1222,8.8331,5.1178,-5471.75,15.69
2008-09-27 00:17:00,0,1.5927,-0.0115,,95.3413,3.3409,-2.505,64.9778,9.0121,6.1268,-6438.0,15.73
2008-09-27 01:29:00,0,-2.5345,-0.0128,,47.7495,2.8331,-2.08,69.5111,8.5862,5.0342,-5573.0,15.71
2008-09-27 03:53:00,0,-0.5955,-0.0139999999999999,,37.0766,2.1151,-2.458,68.2,8.6799,4.8271,-5168.0,15.68
2008-09-27 10:10:00,0,-4.7818,-0.0114,0.0267,44.0529,3.7689,-2.317,72.4889,8.8097,8.693999999999999,-5729.5,15.69
2008-09-27 10:13:00,0,1.63,-0.0114,0.0,27.2228,6.7438,-2.458,77.0889,8.324,5.3254,-5690.25,15.83
2008-09-27 11:04:00,0,-0.4109,-0.0138,,44.2831,4.7785,-3.072,67.0889,8.7383,6.8109,-5382.5,15.69
2008-09-27 11:45:00,0,-2.9573,-0.0122,,26.3104,5.1967,-2.08,71.6,8.7779,5.7176,-5349.75,15.57
2008-09-27 11:54:00,0,-0.2136,-0.0019,,221.6216,4.141,-2.08,75.9556,8.9818,5.7408,-5077.5,15.71
2008-09-27 12:26:00,0,-1.6045,-0.0138,,35.604,3.8038,-3.025,73.6222,8.9818,5.6734,-5768.0,15.7
2008-09-27 12:28:00,0,-0.0236,-0.0129,,27.1055,5.4204,-2.505,69.3778,8.7383,6.1394,-5132.0,15.73
2008-09-27 12:36:00,0,-0.0882,-0.0118,,18.6047,3.3565,-3.072,73.9667,8.9154,5.3034,-5494.25,15.69
2008-09-27 13:14:00,0,-0.5973,-0.0151,0.0156,25.2492,3.816,-2.458,72.9556,8.942,5.9205,-5399.25,15.68
2008-09-27 13:19:00,0,-0.4682,-0.012,,36.6667,4.8846,-2.647,67.6889,8.8105,7.5621,-5741.75,15.77
2008-09-27 14:01:00,0,-4.7991,-0.0132,,38.7097,3.1549,-1.939,71.4444,8.8624,5.1986,-5293.5,15.69
2008-09-27 14:05:00,0,-0.0073,-0.0112,,51.9016,6.7336,-2.458,76.9,8.322000000000001,5.3762,-5607.75,15.83
2008-09-27 14:46:00,0,-2.5436,-0.0131,0.0302,45.8015,5.4237,-2.08,67.5667,8.8105,4.7538,-5305.75,15.71
2008-09-27 15:09:00,0,3.9982,-0.0103,0.0216,59.0799,4.4321,-2.458,69.8556,8.6472,5.5137,-5615.0,15.83
2008-09-27 15:30:00,0,-0.5745,-0.0145,,45.3998,2.6894,-1.797,67.0556,8.8546,5.6927,-5258.5,15.76
2008-09-27 16:13:00,0,-9.4318,-0.0116,,37.149,5.5267,-2.175,71.1889,8.8597,6.5487,-5315.75,15.71
2008-09-27 17:26:00,0,1.47,-0.0111,0.0138,33.3333,5.7143,-2.08,67.4778,8.6544,5.8236,-5227.5,15.71
2008-09-27 18:14:00,0,3.1645,-0.0103,,53.3333,3.11,-2.6,74.5333,8.9818,5.504,-5161.5,15.73
2008-09-27 19:16:00,0,-0.8173,-0.0134,,50.7937,4.5853,-2.317,72.0222,8.942,5.7259,-5469.75,15.69
2008-09-27 20:46:00,0,4.1655,-0.0125,,39.96,3.9945,-3.025,74.4444,8.8889,5.7059,-5657.5,15.7
2008-09-27 21:45:00,0,-4.15,-0.0085,,51.6129,3.8611,-2.6,69.3667,8.7199,2.7882,-6576.0,15.78
2008-09-28 00:51:00,0,3.2173,-0.0129,,44.3149,5.4916,-1.939,72.1889,8.7597,5.2804,-5461.75,15.69
2008-09-28 01:22:00,0,-2.9355,-0.0129,0.0203,38.6473,4.0987,-2.789,67.3,8.9979,7.4353,-5357.5,15.78
2008-09-28 03:55:00,0,-4.4927,-0.01,0.0162,34.0852,4.5795,-2.553,67.2222,8.58,7.3851,-5508.5,15.75
2008-09-28 04:45:00,1,-5.3318,-0.0116,,53.5059,3.9171,-2.08,75.9444,8.9818,6.1345,-5332.5,15.71
2008-09-28 05:31:00,0,-0.2627,-0.0115,,39.0033,2.7083,-2.458,68.1333,8.8424,5.2551,-5564.0,15.83
2008-09-28 06:22:00,0,-4.8382,-0.0092,0.0326,26.1937,5.0567,-2.08,72.4333,8.9857,5.7305,-5296.0,15.71
2008-09-28 07:38:00,0,-1.02,-0.0088,,64.7727,3.5486,-2.458,66.7889,8.8356,6.0894,-5528.5,15.6
2008-09-28 07:52:00,0,-0.5045,-0.0093,,28.0702,2.8381,-2.789,76.8778,8.2776,5.337000000000001,-5438.75,15.78
2008-09-28 08:40:00,0,-0.1545,-0.0164,0.0219,21.3577,4.319,0.0473,69.8,8.8909,6.9441,-5770.75,15.73
2008-09-28 08:41:00,0,-1.6864,-0.0148,,23.569000000000003,5.5709,-3.072,74.1889,8.0787,7.6239,-5357.0,15.69
2008-09-28 09:50:00,1,-0.8218,0.0062,,69.3548,2.3996,-2.789,72.4667,9.0942,5.5772,-5374.0,15.78
2008-09-28 17:05:00,0,1.6336,,,,3.5061,-2.647,72.2667,8.942,4.987,-5402.75,15.77
2008-09-28 17:06:00,0,-1.4973,-0.0109,0.0496,41.1429,4.486000000000001,-2.647,70.1333,9.3868,6.2342,-5512.5,15.77
2008-09-28 17:49:00,0,4.0809,-0.0114,,31.7181,3.2357,-1.986,75.8667,8.322000000000001,6.0733,-6029.0,15.73
2008-09-28 17:55:00,0,2.8464,-0.0088,,55.6818,6.912999999999999,-2.647,69.1556,8.9036,9.2524,-5625.75,15.77
2008-09-28 18:34:00,0,3.6536,-0.0136,0.0302,36.8664,7.3859,-2.647,67.8222,8.9191,7.7119,-5647.75,15.77
2008-09-28 18:43:00,0,-1.4355,-0.0131,0.0,25.9542,4.497,0.0473,71.5,9.3181,7.3664,-5371.0,15.73
2008-09-28 19:18:00,0,-0.7155,-0.0109,0.0289,34.7032,2.1779,0.0473,67.3778,8.6799,5.9531,-5729.25,15.73
2008-09-28 19:29:00,0,0.3209,-0.0101,,58.2716,3.7579,-2.789,75.6556,8.2832,4.6893,-5501.25,15.78
2008-09-28 20:02:00,0,-4.4109,-0.0101,,34.6535,3.706,-2.553,68.0444,8.6544,6.3011,-5341.25,15.75
2008-09-28 20:42:00,0,-5.7473,-0.0074,,90.8475,2.6227,-2.789,72.8778,9.0942,5.9758,-5294.0,15.78
2008-09-28 21:08:00,0,-0.0945,-0.0147,,24.5315,4.0299,-2.458,67.9,8.8546,6.8762,-5337.75,15.68
2008-09-28 21:27:00,0,2.0909,-0.0143,0.0186,19.5976,4.8154,-1.986,67.9444,8.8909,7.487,-5398.25,15.73
2008-09-28 22:44:00,0,-0.1464,-0.0118,0.016,30.4118,4.58,-2.033,67.6333,8.662,6.7264,-5637.5,15.7
2008-09-28 23:54:00,0,1.1473,-0.017,,15.2493,5.5049,-2.647,76.0222,8.2776,5.2282,-5442.0,15.77
2008-09-29 02:06:00,0,-1.9382,-0.0116,0.0185,37.0291,4.8264,-2.694,71.1778,9.3181,7.5017,-5314.5,15.66
2008-09-29 03:07:00,0,3.5436,-0.0143,0.0,43.9407,4.3696,-2.033,68.3778,8.8519,6.6434,-5329.25,15.7
2008-09-29 03:50:00,0,0.2073,-0.016,0.0,26.9171,3.9776,-2.694,72.1222,8.8597,6.8876,-5333.25,15.66
2008-09-29 04:18:00,0,-0.1191,-0.0128,,40.6647,2.8254,0.0473,73.0667,8.2832,4.968999999999999,-5546.5,15.73
2008-09-29 04:47:00,0,-1.8827,-0.0141,0.0186,27.758000000000003,3.4658,-2.033,69.2111,8.8909,6.0932,-5169.25,15.7
2008-09-29 05:32:00,0,3.3882,-0.0093,0.0265,54.9865,3.9686,-2.789,67.9667,9.7137,6.1193,-5490.5,15.78
2008-09-29 07:53:00,0,4.5382,-0.0147,0.0235,20.4255,4.351,-2.694,74.8556,8.135,7.8772,-5629.25,15.66
2008-09-29 09:15:00,0,0.4982,-0.0076,0.0228,78.5597,7.2128,-1.655,75.2,8.1161,8.3294,-5302.0,15.62
2008-09-29 11:13:00,0,4.0736,-0.013,,33.7812,5.5816,0.0,66.2111,8.8105,5.7489,-5435.75,15.58
2008-09-29 11:53:00,0,1.4427,-0.0148,0.0,28.3784,4.9264,-2.222,73.9222,13.5481,9.1287,-5492.5,15.52
2008-09-29 12:25:00,0,1.0,-0.0145,0.0165,31.0345,3.1456,-2.222,70.5444,8.6968,5.043,-5097.0,15.52
2008-09-29 14:03:00,0,-0.95,-0.0127,0.2932,40.118,4.3441,-2.222,69.0111,8.662,7.8025,-5207.75,15.52
2008-09-29 14:04:00,0,-2.2364,-0.0132,,34.0587,4.0483,-2.458,75.0444,8.9857,5.8985,-5060.0,15.68
2008-09-29 14:08:00,0,1.2236,-0.0152,,30.2881,3.177,-2.222,68.0111,8.662,7.2114,-5465.0,15.52
2008-09-29 15:09:00,0,1.3555,-0.0107,0.021,20.4651,4.8659,-2.128,68.1778,8.7782,7.8701,-5418.25,15.64
2008-09-29 15:16:00,0,0.59,-0.0129,0.0178,23.3236,2.3731,-2.033,74.4444,8.4537,7.8792,-5343.75,15.7
2008-09-29 16:27:00,0,4.5355,-0.012,,70.8333,4.1739,-2.742,74.9,8.0787,7.6471,-5593.5,15.71
2008-09-29 17:21:00,0,-2.3364,-0.0141,0.0209,41.6961,3.2527,-2.694,73.1556,8.8355,6.5217,-4994.25,15.66
2008-09-29 21:26:00,0,-10.4455,-0.0097,0.0139999999999999,36.2225,5.4725,-1.088,67.1222,8.6556,6.4408,-5489.0,15.43
2008-09-29 21:48:00,1,-2.9491,-0.0144,,37.4026,3.5892,-2.742,66.6333,8.7402,5.2397,-5774.0,15.71
2008-09-29 22:13:00,0,0.4782,-0.0114,0.0169,45.6641,5.2546,-2.222,75.5556,8.3591,5.6335,-5415.0,15.52
2008-09-30 01:33:00,0,1.4055,-0.0123,0.0161,41.5902,7.1475,-2.694,72.6111,8.7597,5.6146,-5597.0,15.66
2008-09-30 01:36:00,0,-7.0082,-0.0141,,48.1416,7.8141,-1.939,71.0667,8.5298,5.93,-5303.0,15.69
2008-09-30 02:44:00,1,1.9336,-0.0128,0.0147,46.1388,3.6107,-2.742,74.4667,8.2776,7.2010000000000005,-5447.25,15.71
2008-09-30 04:01:00,0,6.3491,-0.0084,,48.8095,3.6306,0.0473,68.0889,8.8424,5.7386,-5606.25,15.81
2008-09-30 04:42:00,0,6.2755,-0.013,0.0211,37.0299,3.2291,-2.033,71.4111,8.5735,5.0043,-5631.25,15.7
2008-09-30 08:44:00,0,5.6364,-0.0131,0.0391,35.1145,2.7661,0.0,72.7222,8.9562,6.0739,-5632.0,15.58
2008-09-30 12:31:00,0,-3.7791,-0.0097,0.0,62.6444,3.574,-2.6,72.2889,8.8078,6.0095,-5468.0,15.78
2008-09-30 13:29:00,0,-1.9482,-0.0111,,62.4434,5.7,-2.742,75.8889,8.3159,7.2899,-5400.5,15.71
2008-09-30 14:20:00,0,1.3282,-0.0048,0.0691,70.4663,2.8024,-1.088,75.6556,8.0787,7.782,-5651.25,15.43
2008-09-30 14:36:00,0,0.1536,-0.0125,,32.1285,7.5974,-2.6,72.7778,9.4336,5.8572,-5528.5,15.78
2008-09-30 15:16:00,0,-1.3127,-0.0112,0.019,30.3233,4.3131,-2.128,68.3556,8.897,7.6472,-5863.0,15.64
2008-09-30 15:26:00,0,-1.86,-0.0099,,52.7919,4.7955,-2.08,77.3444,8.322000000000001,8.0229,-5631.75,15.71
2008-09-30 16:13:00,0,3.4318,-0.0134,0.0311,47.0588,5.2435,-2.789,75.2556,8.0787,6.3314,-5773.0,15.78
2008-09-30 16:50:00,0,3.1764,-0.0084,0.0179,43.9169,4.0713,0.0473,75.3667,8.1166,7.3032,-5520.25,15.73
2008-09-30 17:27:00,0,-2.3591,-0.0123,0.0173,33.2657,5.7786,-2.694,68.2,8.8424,6.1464,-5511.0,15.66
2008-09-30 19:17:00,0,2.3418,-0.0055,,40.0,5.5691,-2.742,76.3222,8.1166,6.91,-5437.25,15.71
2008-09-30 19:17:00,0,-6.0255,-0.0105,0.0219,63.1579,3.6401,0.0473,74.0111,8.9857,5.4995,-5318.5,15.73
2008-09-30 21:39:00,0,0.1973,-0.0089,,68.3473,5.9703,-2.789,68.7667,8.8356,5.336,-5145.25,15.78
2008-09-30 21:42:00,0,2.0673,-0.0134,,32.0,6.3906,-3.072,73.5,9.0639,5.3866,-5605.0,15.69
2008-09-30 23:34:00,0,,-0.0052,,104.8544,,-2.553,72.6,8.0787,8.1861,-5561.75,15.75
2008-09-30 23:58:00,0,0.2355,-0.0134,,65.733,5.5748,-2.789,66.2111,8.7782,6.932,-5050.25,15.78
2008-10-01 00:20:00,0,-3.01,-0.0095,,47.2441,2.7758,-2.317,75.2667,9.0639,5.1052,-5190.0,15.69
2008-10-01 01:11:00,0,1.28,-0.0135,0.0306,39.1505,8.226,-2.694,68.0667,8.7782,7.9906,-5191.5,15.66
2008-10-01 02:53:00,0,2.2009,-0.01,,31.8804,3.977,-2.128,69.1556,8.8356,5.8383,-5422.25,15.64
2008-10-01 05:56:00,1,-3.0055,-0.0095,,52.8402,4.3632,-1.939,70.8667,8.7597,6.2505,-5459.75,15.69
2008-10-01 07:19:00,0,-1.0982,-0.0097,,44.4444,3.6475,-0.2365,73.2,8.2914,5.1073,-5705.5,15.96
2008-10-01 07:28:00,0,-2.0309,-0.0063,,77.4704,3.7989,-0.2365,75.3222,8.322000000000001,5.8705,-5912.0,15.96
2008-10-01 08:15:00,0,-6.6464,-0.009,,42.2222,4.6056,-0.2365,70.9778,8.8215,6.035,-5441.25,15.96
2008-10-01 09:15:00,0,-0.5455,-0.0088,,50.2857,5.4201,-0.2365,69.7778,8.8581,5.3896,-5711.75,15.96
2008-10-01 09:16:00,0,-7.1518,-0.0085,,52.7859,3.2322,-0.2365,67.1667,8.7556,5.3458,-5545.25,15.96
2008-10-01 14:22:00,0,-6.3845,-0.0052,0.0407,66.6667,5.1659,0.0,69.6333,8.662,4.6711,-5316.25,16.02
2008-10-01 15:16:00,0,-0.1545,-0.0056,0.0184,62.5,4.4263,-0.2365,74.0667,9.4749,6.3852,-5560.25,15.96
2008-10-01 16:43:00,0,-1.4327,-0.0126,0.0658,41.3519,3.8467,-3.072,67.2667,8.7646,5.7741,-5357.25,15.69
2008-10-01 19:57:00,0,-5.65,-0.0102,0.0202,58.8957,3.7154,0.0,73.0556,8.8097,4.8158,-5100.0,16.02
2008-10-01 21:15:00,0,0.6573,-0.0091,0.0212,42.9161,7.1117,0.2838,73.8111,8.5298,7.7816,-5498.75,16.07
2008-10-01 21:50:00,0,-1.9727,-0.012,,53.3333,2.7865,0.2838,74.0667,8.3808,5.9509,-5597.75,16.07
2008-10-01 22:47:00,0,5.0691,-0.0111,,43.9462,2.7352,0.2838,67.4444,8.7782,6.2114,-5138.5,16.07
2008-10-01 23:34:00,0,-0.5127,-0.0095,,35.7424,4.7687,0.9934,67.7889,8.7037,5.049,-5552.0,15.77
2008-10-02 00:21:00,0,4.1591,-0.01,0.0261,55.0,2.9657,0.9934,67.3889,8.7402,6.1122,-5523.25,15.77
2008-10-02 00:22:00,0,3.1373,-0.0085,,43.6578,5.3052,0.9934,73.5222,8.3808,4.8794,-5609.5,15.77
2008-10-02 03:17:00,1,3.8682,-0.0075,0.0238,210.596,2.3751,0.2838,71.4889,8.8356,4.9534,-5261.25,16.07
2008-10-02 03:27:00,0,-5.4145,-0.0087,,72.3099,8.1944,-0.1419,70.0444,8.8215,6.715,-5370.5,15.98
2008-10-02 04:11:00,0,-0.6818,-0.0093,,47.3755,4.6431,-0.1419,68.0778,8.7646,6.2991,-5215.5,15.98
2008-10-02 04:23:00,0,4.6891,-0.0088,,52.4964,6.0446,-0.1419,72.4667,8.8355,8.0684,-5743.25,15.98
2008-10-02 04:24:00,0,0.7736,-0.0138,,23.8914,7.4113,0.9934,75.9667,8.322000000000001,8.6759,-5398.0,15.77
2008-10-02 06:49:00,0,-0.7109,-0.0139,0.015,44.0036,3.1153,0.2838,67.1667,8.7037,7.3623,-4995.75,16.07
2008-10-02 07:35:00,0,3.1527,-0.0076,,59.5041,5.1688,-0.1419,68.4556,8.897,6.9611,-5672.0,15.98
2008-10-02 07:58:00,0,,-0.0109,,68.5714,,0.2838,69.5333,8.662,6.0254,-5521.0,16.07
2008-10-02 08:24:00,0,-3.8864,-0.0084,0.0246,28.614,3.9177,1.513,74.5444,8.2776,5.3752,-5627.25,15.69
2008-10-02 08:52:00,0,-6.8764,-0.0069999999999999,,76.1221,4.0285,-0.1419,70.9556,8.6556,6.6633,-5729.5,15.98
2008-10-02 08:57:00,0,-0.3955,-0.0071,,50.9735,5.28,-0.1419,67.0222,8.7326,5.1124,-5346.25,15.98
2008-10-02 09:10:00,1,0.1364,-0.0098,,28.4987,4.6148,0.9934,71.8778,8.8356,6.3654,-5129.25,15.77
2008-10-02 09:42:00,0,0.5536,-0.0085,0.0206,29.4551,3.1414,-0.1419,76.3333,9.1141,7.0671,-5341.5,15.98
2008-10-02 10:03:00,0,3.2573,-0.0056,0.0251,68.0089,2.991,-0.1419,68.2,8.9979,7.8759,-5290.5,15.98
2008-10-02 14:07:00,1,0.8527,-0.0126,,56.3492,5.5495,0.9934,70.5556,9.3868,7.2906,-5475.5,15.77
2008-10-02 14:10:00,1,-5.7091,-0.0057,,95.8606,5.605,0.2838,68.0778,8.8105,5.2764,-5333.0,16.07
2008-10-02 14:54:00,0,3.0718,-0.0113,,34.6667,6.275,1.419,73.6667,8.2914,4.7517,-5524.5,15.75
2008-10-02 15:10:00,0,4.9382,-0.0103,,39.7094,4.6676,1.419,69.0667,8.7037,5.1804,-5324.5,15.75
2008-10-02 15:44:00,0,2.8727,-0.0136,0.0183,27.1311,5.1336,-2.033,69.9333,8.8355,7.258999999999999,-5662.0,15.7
2008-10-02 15:58:00,0,-0.63,-0.0114,0.0317,24.5077,2.9179,0.5204,71.8333,8.8355,7.4976,-5826.0,16.01
2008-10-02 16:32:00,0,-1.4355,-0.0119,0.0139,26.0504,5.0005,1.419,68.4333,9.7137,8.2179,-5219.5,15.69
2008-10-02 16:58:00,0,3.7136,-0.0107,,44.9649,3.787,1.419,73.6889,8.2345,5.6708,-5329.75,15.75
2008-10-02 17:00:00,0,1.04,-0.0111,0.017,36.8126,3.2510000000000003,1.419,72.3778,8.8355,7.7467,-5621.0,15.75
2008-10-02 17:19:00,0,-3.0909,-0.0053,,81.3239,7.2454,1.513,68.7222,8.7556,5.5404,-5248.75,15.69
2008-10-02 19:21:00,0,-1.41,-0.0129,,45.5598,4.9715,1.419,70.1667,9.534,7.9791,-5329.0,15.75
2008-10-02 19:25:00,0,-0.0182,-0.0084,0.0141,49.9257,4.277,1.513,73.2778,21.5944,5.4564,-5759.5,15.69
2008-10-02 20:54:00,0,2.9282,-0.0086,,52.0231,4.7353,0.5204,68.4333,9.534,5.4921,-5345.25,16.01
2008-10-02 21:32:00,1,3.8882,-0.009,0.0208,33.2871,3.9965,0.5204,67.8,8.7037,5.7088,-5469.5,16.01
2008-10-02 21:33:00,0,-3.5727,-0.0082,,62.0061,6.4423,0.5204,70.8444,9.0447,8.666,-5867.5,16.01
2008-10-02 22:23:00,0,0.1627,-0.0093,0.0233,35.2941,3.2662,1.419,68.2444,8.6472,7.4082,-5326.5,15.75
2008-10-02 22:33:00,0,1.7909,-0.0097,,34.0645,5.1569,0.5204,70.0222,9.534,7.3295,-5224.25,16.01
2008-10-02 23:32:00,0,-2.4818,-0.0091,,49.2476,3.3746,0.5204,72.0111,8.2914,5.1999,-5719.0,16.01
2008-10-02 23:32:00,0,0.67,-0.0119,,60.5042,3.9365,-0.5204,70.2556,9.0402,5.31,-5432.0,16.08
2008-10-03 00:24:00,0,1.7273,-0.0124,,21.8402,3.4184,-0.5204,67.4222,9.0402,5.821000000000001,-5242.75,16.08
2008-10-03 00:55:00,0,1.8609,-0.0092,0.0219,61.8725,2.582,1.419,74.6556,8.8097,4.9588,-5603.75,15.75
2008-10-03 02:41:00,0,2.5055,-0.0077,,29.6774,6.284,0.5204,73.9,8.5298,8.2205,-5294.5,16.01
2008-10-03 03:52:00,0,1.9764,-0.0138,,40.0,6.6172,1.419,71.6,13.5481,6.9554,-5575.0,15.75
2008-10-03 03:56:00,0,3.3064,-0.0084,,34.4725,5.1124,1.419,68.0,9.2064,5.3497,-5544.0,15.69
2008-10-03 04:49:00,0,-2.1009,-0.0064,,77.0138,4.1239,1.419,67.9222,8.7556,5.5107,-5224.5,15.69
2008-10-03 05:01:00,0,0.7864,-0.0084,,64.3815,5.0348,1.419,70.1778,8.8973,5.4234,-5307.75,15.69
2008-10-03 05:45:00,0,0.9573,-0.0093,,63.4409,5.5044,0.5204,68.5889,8.8356,5.8239,-5663.5,16.01
2008-10-03 06:15:00,0,0.2236,-0.008,,73.5202,3.3124,0.5204,72.9667,8.3808,6.8055,-5542.75,16.01
2008-10-03 08:35:00,0,3.4845,-0.013,,49.1835,3.5149,0.9461,68.7111,9.0402,6.6303,-5709.75,15.62
2008-10-03 09:30:00,0,-0.1891,-0.011,,46.3636,2.3933,-0.7569,72.7556,8.2914,7.1829,-5834.75,16.07
2008-10-03 11:40:00,0,-5.55,-0.0078,,39.6166,2.4673,-0.7569,70.5333,8.8215,5.9541,-5477.0,16.07
2008-10-03 12:31:00,0,0.7955,-0.0065,,41.8605,2.4776,-1.83,67.6889,8.8909,5.9205,-5241.5,16.09
2008-10-03 18:45:00,0,1.5036,-0.0136,,51.3291,3.5466,2.458,69.4222,8.3383,5.4847,-5095.0,15.61
2008-10-03 19:23:00,0,-0.3445,-0.0125,,46.493,9.8065,2.458,67.5556,9.7137,7.0692,-5356.25,15.61
2008-10-03 19:23:00,0,-7.1427,-0.0108,,47.2222,4.0128,2.458,68.0,8.3383,6.2691,-5270.0,15.61
2008-10-03 20:11:00,0,-4.72,-0.0116,,21.5517,5.7591,2.458,70.2333,8.3383,7.0345,-5247.5,15.61
2008-10-03 20:26:00,0,0.9427,-0.0114,,38.6813,4.6356,2.458,70.4222,8.3383,6.8448,-5445.25,15.61
2008-10-03 20:35:00,0,1.8782,-0.0051,,136.9193,4.3128,1.419,74.7111,8.3159,7.4313,-5461.0,15.69
2008-10-03 20:46:00,0,-3.3427,-0.0112,,50.168,5.7178,-1.83,68.6111,8.7556,7.6062,-5422.25,16.09
2008-10-03 21:15:00,0,0.6855,-0.0059,,108.0169,4.4256,-1.83,69.4111,8.6556,4.9729,-5294.5,16.09
2008-10-03 21:52:00,0,-3.6036,-0.0102,,74.4186,6.5672,-0.5204,69.5222,9.0447,6.4635,-5264.5,15.74
2008-10-03 22:08:00,0,1.1991,-0.0084,,51.0386,4.6582,-1.83,74.0889,8.2345,5.2453,-5612.25,16.09
2008-10-03 22:53:00,0,1.5882,-0.0097,,41.2371,5.4022,0.9461,69.3778,8.6556,5.7796,-5407.25,15.62
2008-10-03 23:46:00,0,-6.0636,-0.0079,,68.0315,4.5022,-0.5204,72.2778,8.9036,5.8805,-5517.75,15.8
2008-10-04 00:58:00,0,2.5855,-0.0086,,50.1458,3.1843,0.9461,71.1,9.3868,7.5545,-5767.75,15.62
2008-10-04 01:49:00,0,-1.8809,-0.0082,,46.4122,2.3399,-0.5204,68.7889,9.0744,3.2548,-5733.0,15.8
2008-10-04 02:36:00,0,-3.7773,-0.0112,,56.25,2.2464,0.1419,68.8556,8.3383,5.1468,-5454.0,15.61
2008-10-04 03:53:00,0,-2.1464,-0.0137,,33.5766,2.6374,-0.9934,66.2889,8.3383,6.5791,-5320.5,15.79
2008-10-04 04:12:00,0,0.8045,-0.0096,,73.6706,7.4993,-0.5204,70.3889,8.9541,6.0393,-5802.25,15.8
2008-10-04 04:45:00,0,-1.3618,-0.0106,,35.8068,4.387,-0.9934,70.4667,8.3383,5.3109,-5241.0,15.79
2008-10-04 09:29:00,0,-3.1382,-0.0125,,44.044,3.4336,-0.9934,72.5556,8.627,4.7086,-5529.25,15.79
2008-10-04 15:16:00,0,0.3245,-0.0092,,58.8556,8.9509,0.9461,68.1333,8.8973,7.257000000000001,-5390.0,15.62
2008-10-04 16:58:00,0,-9.7682,-0.0115,,59.2593,6.4163,0.9461,71.1,9.7137,6.3956,-5400.0,15.62
2008-10-04 18:15:00,0,2.6991,-0.011,,47.3265,6.2357,-1.83,74.3111,8.1409,5.9684,-5400.25,16.09
2008-10-04 18:25:00,0,-3.7073,-0.0095,0.0149,25.2632,3.3667,0.1419,76.2333,9.1637,7.8776,-5194.75,15.61
2008-10-04 18:59:00,0,-2.6564,-0.0083,,44.3778,2.3646,-0.5204,69.9556,9.0447,6.3991,-5371.5,15.74
2008-10-04 19:12:00,0,-7.87,-0.0086,,89.7959,6.0516,0.9461,67.9889,8.7556,5.0304,-4992.75,15.62
2008-10-04 19:47:00,0,-1.99,-0.0093,,64.1711,6.1495,0.1419,69.6222,9.534,5.4252,-5526.5,15.61
2008-10-04 19:54:00,0,-5.8855,-0.009,,42.1637,2.5985,-0.7569,69.2889,8.9541,8.2363,-5295.25,16.07
2008-10-04 20:39:00,0,4.3618,-0.017,0.0164,29.912,5.1653,-1.83,68.3667,8.7646,7.8763,-5426.0,16.09
2008-10-04 22:06:00,0,-7.6655,-0.0148,,35.8108,4.0743,-0.9934,68.5667,8.6556,6.4221,-5186.25,15.79
2008-10-04 23:18:00,1,1.1655,-0.0117,,41.0256,3.6022,-1.83,65.0889,8.8105,5.669,-5389.5,16.09
2008-10-05 00:33:00,1,8.1455,-0.0114,,51.8112,3.4324,-0.7569,66.0111,8.7187,5.7746,-5233.75,16.07
2008-10-05 00:33:00,0,1.6482,-0.0077,,86.1338,4.3157,0.1419,70.6444,8.8215,5.6479,-5633.5,15.61
2008-10-05 01:35:00,0,-1.4227,-0.0087,,65.6115,4.6557,-0.7569,67.1444,8.7326,4.9714,-5619.5,16.07
2008-10-05 04:01:00,0,0.0955,-0.0091,,29.7521,4.9375,-0.7569,69.2667,9.2064,8.5157,-5357.5,15.87
2008-10-05 04:20:00,0,7.1009,-0.0089,,54.1608,4.1801,-0.5204,70.3667,9.0744,5.9591,-5070.75,15.8
2008-10-05 04:48:00,0,1.5273,-0.0132,,31.09,6.2217,0.2365,71.1556,8.9036,8.0688,-5421.75,15.74
2008-10-05 05:31:00,0,1.8582,-0.0093,0.0374,46.1126,6.818,-0.7569,73.1444,8.5735,5.7646,-5311.25,15.87
2008-10-05 05:53:00,0,0.2336,-0.0117,,38.5852,4.2573,0.2365,68.6222,8.6556,6.0147,-5207.25,15.74
2008-10-05 06:15:00,0,1.0482,-0.0101,,64.1184,3.7884,-0.5204,70.5778,9.534,7.0488,-5594.5,15.8
2008-10-05 08:02:00,0,-1.03,-0.013,,22.2863,9.7229,0.2365,69.0111,9.0402,7.1241,-5349.25,15.74
2008-10-05 08:40:00,0,-1.0445,-0.0131,,43.3873,4.6415,0.2365,70.6778,8.9036,5.6802,-5337.75,15.74
2008-10-05 09:04:00,0,0.5982,-0.0105,,35.2381,3.1249,0.2365,69.0333,9.2064,5.3937,-5424.5,15.74
2008-10-05 09:47:00,0,0.4264,-0.0104,,73.253,3.7573,-0.8042,70.5333,8.7187,5.9246,-5092.25,15.87
2008-10-05 10:00:00,0,1.3255,-0.0123,,31.6109,7.4533,-0.8042,67.8556,8.7646,7.9193,-5440.5,15.87
2008-10-05 10:43:00,0,-3.4191,-0.0095,,52.7009,4.1054,0.1419,72.8556,8.2914,5.9569,-5412.75,15.61
2008-10-05 11:05:00,0,0.1773,-0.0126,,43.6941,6.3655,-0.8042,68.6111,8.7646,7.8425,-5731.25,15.87
2008-10-05 11:30:00,0,-1.7336,-0.0098,,40.9731,3.454,-0.5204,71.7889,9.1526,4.649,-5200.25,15.74
2008-10-05 12:03:00,0,-6.74,-0.0084,,41.543,4.736000000000001,0.1419,69.2444,9.7137,6.1771,-5415.25,15.61
2008-10-05 12:17:00,0,-3.1927,-0.0088,0.0249,40.7932,3.0517,0.1419,73.0778,8.4537,4.475,-5156.5,15.61
2008-10-05 13:49:00,0,2.7927,-0.0091,,56.044,3.9522,-0.8042,73.1222,8.2345,5.3451,-5419.75,15.87
2008-10-05 14:34:00,0,3.64,-0.0127,,63.6542,4.9673,-0.8042,71.0889,9.2064,7.9278,-5470.0,15.87
2008-10-05 15:30:00,1,1.0691,-0.0084,0.0363,84.3982,4.55,-0.5204,75.2333,8.9833,4.8521,-5645.0,16.08
2008-10-05 15:35:00,1,-1.8736,-0.0074,,31.0811,4.2324,1.419,70.6667,8.8973,5.6345,-5399.75,15.75
2008-10-05 16:15:00,0,5.7309,-0.0086,0.1143,60.6414,8.1035,-0.7569,70.9444,9.534,4.0778,-5280.25,15.87
2008-10-05 16:37:00,1,-4.0527,-0.0079,,65.4088,6.4994,2.458,69.9556,8.9036,5.8493,-4921.0,15.61
2008-10-05 16:49:00,1,-2.5418,-0.0055,,107.5171,4.6392,1.419,71.0667,8.8973,4.8906,-5554.25,15.75
2008-10-05 18:46:00,1,-6.6455,-0.0105,,30.5489,5.6033,0.0,70.0778,8.9036,5.6453,-5284.0,15.78
2008-10-05 18:59:00,0,1.0518,-0.0119,,31.0924,5.0215,-0.8042,70.3556,9.0744,4.0382,-5396.75,15.87
2008-10-05 19:45:00,0,-0.81,-0.0096,,21.9608,7.8785,-1.277,69.0333,9.1526,4.5788,-5048.5,15.78
2008-10-05 20:12:00,0,-5.1491,-0.0089,0.0,39.2707,6.2464,-1.277,74.3778,9.1637,6.5356,-5489.75,15.78
2008-10-05 20:30:00,0,6.2636,-0.0109,,29.2571,8.6184,-1.277,72.3667,9.7571,7.2888,-5673.5,15.78
2008-10-05 22:13:00,0,-4.8873,-0.0098,,35.7143,1.7904,-1.277,72.0444,8.7609,5.1937,-5652.0,15.78
2008-10-06 00:41:00,0,-2.15,-0.0123,,65.9207,8.2545,-0.615,74.8556,8.1409,6.496,-5467.75,15.84
2008-10-06 01:25:00,0,-1.97,-0.0111,,27.8652,2.8027,1.655,74.9222,9.088,5.6848,-5377.0,15.75
2008-10-06 01:27:00,0,0.7,-0.0102,,36.2301,7.0696,-0.615,76.4889,9.088,8.5613,-5311.0,15.84
2008-10-06 01:30:00,0,-2.7136,-0.0129,,16.3107,6.015,-1.277,74.0889,9.6515,7.6071,-5425.5,15.78
2008-10-06 02:44:00,0,-5.2427,-0.0118,,34.8936,8.0432,-0.615,74.9556,8.8097,7.017,-5439.25,15.84
2008-10-06 02:49:00,0,-2.8055,-0.0113,,48.5651,5.1201,-0.615,74.6,9.6515,6.7837,-5361.75,15.84
2008-10-06 03:31:00,0,-4.6582,-0.0123,,38.9452,4.7022,-0.615,67.6333,8.7326,8.7342,-5506.5,15.84
2008-10-06 03:50:00,1,-1.1455,-0.0106,,33.8028,4.1182,-0.7569,70.5444,9.3181,7.5121,-5475.5,15.87
2008-10-06 03:57:00,1,3.1336,-0.0062,,53.2258,4.2996,-1.83,70.0444,8.7556,4.8532,-5486.5,16.09
2008-10-06 04:26:00,0,3.6809,-0.0115,,32.9718,4.1813,1.655,70.4,9.0744,7.285,-5546.0,15.75
2008-10-06 05:21:00,0,5.17,-0.0114,,48.4048,6.4886,-0.615,74.5333,8.2061,7.2793,-5285.0,15.84
2008-10-06 05:24:00,0,-1.2955,-0.0099,,54.8223,7.9285,-0.615,70.8778,8.8215,8.243,-5312.75,15.84
2008-10-06 06:11:00,0,3.8109,-0.0102,,69.7789,5.1132,-0.615,72.8444,8.9605,6.8522,-5260.25,15.84
2008-10-06 06:26:00,0,2.0509,-0.0114,,60.6593,8.3516,-0.615,67.9778,8.6556,6.612,-5445.25,15.84
2008-10-06 06:49:00,0,0.6327,-0.0107,,59.0164,5.3109,0.0,76.9333,8.324,6.9689,-5431.75,15.86
2008-10-06 07:12:00,0,1.7036,-0.0115,,44.2037,4.4746,0.0,75.8889,9.088,5.3636,-5483.0,15.86
2008-10-06 07:17:00,0,-1.7818,-0.0119,,21.8258,4.0694,1.655,76.3778,8.2061,7.3056,-5149.0,15.75
2008-10-06 07:35:00,0,-2.2373,-0.0125,,33.7011,6.3223,0.0,74.4444,9.1637,6.4999,-5398.75,15.86
2008-10-06 07:38:00,0,-4.9627,-0.0117,,23.0523,5.8746,1.655,69.6667,9.1526,6.999,-5238.0,15.75
2008-10-06 08:24:00,0,-2.0327,-0.0124,,33.0312,4.8172,-1.229,68.4556,9.1526,8.1124,-5305.25,15.84
2008-10-06 08:57:00,0,-1.8709,-0.0114,,23.7624,4.1828,0.0473,76.6556,9.1141,6.3841,-5516.5,15.85
2008-10-06 09:11:00,0,3.7555,-0.0117,,44.3497,7.5153,1.655,69.0333,9.2064,7.7094,-5206.0,15.75
2008-10-06 09:57:00,0,-4.8609,-0.0115,,35.6522,6.2351,-1.371,74.0778,9.6515,6.914,-4977.5,15.91
2008-10-06 10:07:00,0,-0.1145,-0.01,0.0219,31.9202,5.2041,0.0473,70.1889,8.8215,7.1176,-5404.5,15.85
2008-10-06 11:51:00,0,-3.9255,-0.0118,,53.5032,5.146,0.0,69.9556,8.8973,7.1302,-5241.0,15.86
2008-10-06 12:39:00,0,-3.54,-0.0111,,51.5254,4.8902,0.0,67.0889,8.627,6.3854,-5393.5,15.86
2008-10-06 12:42:00,0,-5.68,-0.0113,,26.4901,8.4634,0.0473,71.0,8.8215,5.896,-5422.75,15.85
2008-10-06 13:08:00,0,2.4209,-0.0122,,25.4882,4.2983,0.0473,73.3667,8.7786,5.114,-5130.75,15.85
2008-10-06 13:38:00,1,-0.3136,-0.011,,63.5641,9.1663,0.2838,70.1556,9.0447,8.8015,-5392.25,16.07
2008-10-06 13:55:00,1,-0.0345,-0.0064,,46.875,7.1003,1.419,70.2556,9.3181,5.3009,-5390.0,15.69
2008-10-06 15:00:00,1,-1.2164,-0.0108,,45.5814,10.9187,-0.615,73.0778,9.6515,5.2422,-5274.25,15.84
2008-10-06 15:01:00,0,1.8109,-0.0128,0.0351,45.4012,5.9964,0.0,75.5778,9.1141,4.8013,-5043.5,15.86
2008-10-06 15:52:00,0,1.2109,-0.0097,,16.5589,3.1765,0.0,74.9556,8.9818,6.5606,-5547.5,15.86
2008-10-06 16:42:00,0,-2.5945,-0.0121,,44.4444,3.3232,0.0,74.7,9.6515,6.2475,-5294.5,15.86
2008-10-06 16:50:00,0,-2.91,-0.0126,,24.5788,2.7876,0.0,67.2,8.8105,7.3243,-5259.25,15.86
2008-10-06 17:26:00,0,-3.2436,-0.0099,,30.2267,5.7353,-0.8042,76.3,9.1637,7.1874,-5395.5,15.74
2008-10-06 17:26:00,0,-3.6345,-0.0109,,40.2286,4.6133,0.0,72.4222,8.9605,5.8711,-5573.75,15.86
2008-10-06 17:35:00,0,-3.9927,-0.0106,,53.584,2.5272,-0.8042,77.9,8.2061,6.7416,-5487.0,15.74
2008-10-06 18:54:00,0,-2.3618,-0.0144,,38.8215,4.0841,-0.8042,67.0222,8.627,6.836,-5364.75,15.74
2008-10-06 18:55:00,0,4.7282,-0.01,,50.8728,5.44,0.0,69.1111,9.0447,6.9325,-5464.5,15.86
2008-10-06 19:42:00,0,-3.1964,-0.0073,,45.0512,4.4213,-0.8042,68.4333,8.627,6.2762,-5362.5,15.74
2008-10-06 20:02:00,0,-1.5036,-0.0117,,25.5591,2.8462,-0.8042,73.3111,9.7571,4.9589,-5378.0,15.74
2008-10-06 20:36:00,0,8.9964,-0.0124,0.0203,35.4481,7.364,-0.8988,74.9778,9.1141,6.9415,-5339.75,15.73
2008-10-06 20:47:00,0,-0.4109,-0.0109,,63.0137,5.6724,-0.8988,70.2222,9.534,6.1033,-5492.75,15.73
2008-10-06 21:46:00,0,-6.5027,-0.012,,37.422,3.3019,-0.8988,67.4778,8.7286,5.3559,-5342.0,15.73
2008-10-06 21:48:00,0,-3.7673,-0.0112,,24.2152,5.8656,-0.8042,72.4556,8.3845,9.4679,-5656.75,15.74
2008-10-06 22:37:00,0,3.3691,-0.0111,0.0274,52.1348,5.0427,-0.8988,74.0111,9.1637,5.4071,-5522.0,15.73
2008-10-06 23:03:00,0,1.3355,-0.0111,,61.3995,4.9672,-0.8042,76.6556,8.1409,4.8265,-5302.75,15.74
2008-10-07 01:46:00,0,-3.4327,-0.0122,,27.1326,5.9723,-0.8988,73.6222,9.088,8.5633,-5482.75,15.73
2008-10-07 03:29:00,0,-3.8691,-0.0082,,46.5544,5.1033,-0.8042,73.1333,8.9607,9.0982,-6496.75,15.74
2008-10-07 03:39:00,0,4.9336,-0.0099,,62.9442,5.8227,-0.8988,68.4111,9.0744,5.8045,-5519.25,15.73
2008-10-07 07:32:00,0,1.1891,-0.008,,65.9409,6.2608,-0.8042,69.8667,9.2064,6.7082,-5414.25,15.74
2008-10-07 07:41:00,0,-2.3109,-0.0124,,55.5891,7.9419,0.6623,75.2889,8.6024,7.4485,-6553.5,15.76
2008-10-07 08:25:00,0,-3.0645,-0.0115,,44.2516,4.4816,0.6623,76.6,8.2061,6.8386,-5711.75,15.76
2008-10-07 08:26:00,0,-1.99,-0.0084,,33.1852,5.941,0.5204,76.5,8.1409,7.5402,-5477.0,15.66
2008-10-07 09:11:00,0,3.1727,-0.0085,,34.1679,3.742,0.6623,68.6667,9.9095,7.0465,-5694.25,15.76
2008-10-07 09:20:00,0,1.8318,-0.0117,,51.3919,4.2518,0.5204,74.1667,8.6024,7.3869,-5946.25,15.66
2008-10-07 09:59:00,0,-4.9191,-0.0105,,23.8379,5.6678,0.5204,74.8889,8.3845,7.072,-5540.0,15.66
2008-10-07 10:04:00,0,-2.3264,-0.0116,,32.6882,3.253,0.6623,76.0556,8.2061,5.2364,-5418.75,15.76
2008-10-07 10:10:00,0,-6.2591,-0.0096,,68.6606,3.2128,0.6623,75.3556,9.088,7.6422,-5587.5,15.76
2008-10-07 10:51:00,0,-0.4636,-0.0077,,29.8217,3.5555,0.5204,77.2222,9.1141,4.5381,-5524.25,15.66
2008-10-07 11:15:00,0,-0.28,-0.0107,,41.0735,8.9449,0.3784,73.1778,8.9607,8.1889,-6370.0,15.73
2008-10-07 11:16:00,0,4.7382,-0.0094,,53.4759,66.3942,0.6623,70.4333,8.9541,7.6719,-5403.5,15.76
2008-10-07 11:36:00,0,-6.4945,-0.0117,,38.6266,6.5708,0.5204,68.9,8.627,7.5794,-5573.75,15.66
2008-10-07 12:40:00,0,-3.9618,-0.0119,,24.3442,4.9627,0.5204,77.1222,8.2061,5.6581,-4958.5,15.66
2008-10-07 13:10:00,1,-2.49,-0.0063,,68.8,6.2746,0.2838,68.7,8.8909,5.4164,-5247.0,16.07
2008-10-07 13:48:00,0,-0.5345,-0.0134,,47.7167,7.9648,0.5204,68.8667,9.9095,8.7276,-5442.25,15.66
2008-10-07 14:35:00,0,-7.8145,-0.0121,,22.3602,7.7685,0.5204,74.6111,9.1637,7.6173,-5441.0,15.66
2008-10-07 16:32:00,0,-2.9791,-0.0123,,62.6653,4.6832,0.3784,73.3556,8.3271,7.2437,-5597.5,15.73
2008-10-07 17:06:00,0,0.3173,-0.013,,32.2148,5.9014,-0.3311,68.2444,9.0402,7.6902,-5399.5,15.77
2008-10-07 17:28:00,0,-3.4618,-0.0126,,44.4886,2.3936,0.3784,74.1444,8.3808,6.2287,-5429.25,15.73
2008-10-07 18:39:00,0,-3.4391,-0.0113,,49.4481,1.8547,-0.3311,74.1,9.7571,7.0636,-5650.5,15.77
2008-10-07 19:24:00,0,-3.5573,-0.0103,,57.0738,2.8933,0.3784,75.4444,8.2963,7.3566,-5168.25,15.73
2008-10-07 20:19:00,0,2.6827,-0.0131,,32.8558,4.2653,0.3784,70.7667,9.0744,4.9049,-5226.25,15.73
2008-10-07 20:39:00,0,1.7791,-0.0107,,32.7485,8.0368,-1.466,72.6222,8.9607,6.7658,-6456.75,15.75
2008-10-07 20:48:00,0,-1.4627,-0.013,,25.3846,6.6101,0.3784,72.9778,9.7571,5.0517,-5362.75,15.73
2008-10-08 04:47:00,0,-5.4282,-0.0119,,27.7603,3.7528,0.9461,73.6222,8.3675,6.9595,-5313.75,15.69
2008-10-08 05:35:00,0,-1.4609,-0.0119,,38.6555,7.3778,-0.9461,74.7222,8.3267,7.7137,-5689.0,15.73
2008-10-08 05:38:00,0,-4.8009,-0.0118,0.016,46.4135,4.4643,-0.9461,77.1222,8.324,6.2364,-5398.75,15.73
2008-10-08 06:25:00,0,-2.6682,-0.0095,,48.6772,4.3753,0.0,77.0556,8.1409,5.584,-5284.5,15.77
2008-10-08 07:10:00,0,-2.2582,-0.0139999999999999,,34.9065,3.9613,-0.9461,72.2333,8.5615,5.9525,-5657.5,15.73
2008-10-08 07:13:00,0,-1.8509,-0.0124,,28.3114,5.9273,-0.3311,73.8556,8.4891,7.1604,-6349.25,15.77
2008-10-08 07:16:00,0,-1.97,-0.0086,,97.8166,8.2902,-0.9461,67.0111,8.662,7.1306,-5231.5,15.73
2008-10-08 09:01:00,0,-4.5718,-0.0116,,48.4848,6.4959,-0.3311,73.0667,8.9607,8.1814,-6461.0,15.77
2008-10-08 09:06:00,0,-0.5655,-0.0126,,37.9822,4.8219,-0.9461,68.7556,9.2036,6.0136,-6106.25,15.73
2008-10-08 10:37:00,0,-2.0991,-0.0112,,40.8889,4.0262,0.0,69.2222,8.1605,6.1777,-6504.75,15.71
2008-10-08 12:11:00,0,-5.1618,-0.0104,,40.3361,4.881,0.0,74.6667,8.4891,7.2873,-5553.0,15.73
2008-10-08 13:35:00,0,1.7736,-0.0094,,69.241,7.4548,-0.9461,70.7889,9.193,6.5287,-5187.0,15.73
2008-10-08 13:38:00,0,-0.3409,-0.0116,,30.9677,7.9209,0.0,72.6667,8.451,8.9079,-5254.25,15.71
2008-10-08 14:48:00,0,2.8236,-0.0131,,29.0353,7.9017,0.0,71.5556,9.4749,7.6664,-5514.75,15.71
2008-10-08 15:37:00,0,3.6255,-0.0144,,21.5278,12.2951,0.0,70.8889,8.8973,8.1372,-5594.75,15.71
2008-10-08 16:26:00,0,0.2336,-0.0129,,37.2816,6.5115,0.0,67.4889,8.6968,6.9544,-5329.75,15.71
2008-10-08 17:14:00,0,-5.8273,-0.0139,,34.4086,56.9481,0.0,67.7222,8.9541,5.4969,-5432.25,15.73
2008-10-08 17:31:00,0,-3.4873,-0.009,,35.4571,5.9222,-0.9461,69.4778,8.662,9.2888,-5431.25,15.73
2008-10-08 17:41:00,0,-5.3264,-0.0104,,40.4332,5.4535,0.3784,73.0667,8.3675,7.4312,-5636.0,15.73
2008-10-08 18:22:00,0,-2.1264,-0.0124,,29.899,4.5812,0.0,72.8556,8.6024,6.7247,-6376.25,15.73
2008-10-08 20:27:00,0,-5.7373,-0.0114,,44.8845,6.2186,0.0,68.2667,9.9095,6.9035,-5337.25,15.71
2008-10-08 21:19:00,0,0.2055,-0.0101,,39.604,2.3679,0.2365,72.9778,8.1605,4.9396,-6517.75,15.68
2008-10-08 21:45:00,0,-2.8245,-0.0117,,29.8507,2.9356,-1.797,74.2889,8.3845,7.4528,-5552.25,15.67
2008-10-08 22:08:00,0,-4.9336,-0.0081,,67.6923,5.0456,0.0,67.4333,8.7441,6.9694,-5731.5,15.57
2008-10-08 23:13:00,0,3.1427,-0.0116,,43.0108,4.1328,-0.3311,69.6556,9.0402,6.58,-5313.5,15.77
2008-10-08 23:50:00,0,7.71,-0.0114,,29.7268,3.8915,-0.9461,67.7778,8.7286,6.3838,-5282.25,15.73
2008-10-09 00:23:00,0,-3.1827,-0.0096,,51.1082,4.2716,0.0,74.5889,8.2963,7.2913,-5418.25,15.73
2008-10-09 04:34:00,1,-5.1645,-0.0114,,38.512,4.42,0.3784,73.3778,8.6024,5.0275,-6333.25,15.73
2008-10-09 06:06:00,0,-3.5064,-0.0119,,42.7673,4.9671,0.0,72.1111,8.3675,8.0069,-5497.5,15.73
2008-10-09 07:38:00,0,-1.0455,-0.0124,,42.0627,4.5404,0.0,72.1889,8.5615,6.2074,-5564.0,15.71
2008-10-09 14:15:00,0,-4.25,-0.0133,,42.2243,5.0001,0.0,74.8778,8.2061,6.2117,-5264.5,15.73
2008-10-09 15:04:00,0,2.3091,-0.0111,,32.287,5.1075,0.0,72.0556,8.1605,6.3138,-6475.5,15.73
2008-10-09 15:55:00,1,-6.2473,-0.0086,,36.9942,7.5956,-0.3311,73.3,8.3675,5.3692,-5274.25,15.77
2008-10-09 15:56:00,0,-2.5027,-0.0094,,174.0988,6.8676,0.0,70.5667,8.1605,8.5495,-6623.75,15.71
2008-10-10 10:05:00,0,4.1691,-0.0121,,39.6285,6.8146,-0.4258,68.0889,8.7556,8.6883,-5187.25,15.79
2008-10-10 10:46:00,0,-0.4491,-0.0115,,48.0349,3.2363,-0.4258,67.1222,8.8909,5.9439,-5384.5,15.79
2008-10-10 10:53:00,0,-2.1136,-0.0113,,44.0529,4.9854,-0.4258,70.9778,8.451,6.6639,-5158.75,15.79
2008-10-10 12:30:00,0,-0.7664,-0.0122,,22.8805,4.1137,-0.4258,72.0667,9.9095,5.3262,-5379.0,15.79
2008-10-10 15:33:00,0,0.4345,-0.0131,,44.2748,6.0469,-0.4258,69.2,9.3181,7.3448,-5311.75,15.79
2008-10-10 15:50:00,0,2.9864,-0.0134,,38.0242,3.95,-0.4258,69.3667,8.9036,8.1537,-5211.0,15.79
2008-10-10 20:02:00,0,-3.7245,-0.0092,,40.2721,5.1156,0.0,69.8778,8.1605,8.1594,-6194.0,15.73
2008-10-10 21:03:00,0,-1.4782,-0.0129,,39.4966,4.1278,-0.0473,72.9778,8.4891,5.4125,-4416.5,15.8
2008-10-10 21:07:00,0,0.2945,-0.0124,,24.2669,9.6409,-0.8515,72.9778,8.9607,6.2424,-6451.0,15.72
2008-10-10 21:16:00,0,5.6155,-0.013,,29.9137,2.9642,-0.0473,72.3889,8.4891,5.0686,-6358.25,15.8
2008-10-11 02:55:00,0,5.5191,-0.0143,,33.4786,9.4815,-0.0473,74.4333,8.4891,7.3597,-6422.5,15.8
2008-10-11 06:56:00,0,2.2618,-0.0125,,39.8804,8.7071,-0.0946,72.8222,9.7571,6.9216,-5641.0,15.71
2008-10-11 07:38:00,0,2.3936,-0.0135,,36.4312,8.1848,-0.0473,74.3,8.4891,8.0541,-6464.25,15.8
2008-10-11 07:39:00,0,-2.7973,-0.0091,,30.727,76.9317,-0.0946,72.7111,8.5735,6.6345,-5362.5,15.71
2008-10-11 07:42:00,0,-0.0864,-0.0092,,41.4734,5.2994,-0.7096,68.0778,9.1526,3.8922,-5249.25,15.69
2008-10-11 08:27:00,0,-0.2491,-0.0091,,75.0345,3.1226,-0.0473,68.3111,9.0744,4.9734,-5295.25,15.8
2008-10-11 14:43:00,0,-1.7909,-0.0092,,27.0636,8.2849,-0.8042,73.4444,8.2345,7.2246,-5290.25,15.75
2008-10-11 15:33:00,0,1.6018,-0.0113,,28.1938,3.6852,-0.8042,69.6222,8.6384,4.8429,-6586.0,15.57
2008-10-11 16:25:00,0,-2.8618,-0.0125,,32.7345,2.574,-0.8042,68.5556,8.6384,5.4979,-6553.0,15.57
2008-10-11 23:16:00,0,-10.68,-0.0115,,24.4009,2.5881,-1.229,69.9,8.6384,5.5075,-6373.5,15.61
2008-10-11 23:58:00,0,-0.5591,-0.0119,,53.9515,3.1062,-1.229,68.3667,8.6384,5.7273,-6548.25,15.61
2008-10-12 00:57:00,0,-2.9609,-0.0141,,17.6991,7.3252,-0.8042,72.3222,8.2963,7.597,-5426.0,15.57
2008-10-12 01:50:00,0,1.4791,-0.0113,,23.8411,3.9117,-0.0473,70.5,9.1526,7.1279,-5257.0,15.69
2008-10-12 02:59:00,0,1.2518,-0.0112,,50.7795,4.0841,-1.229,70.3333,8.6384,5.1882,-6473.25,15.61
2008-10-12 03:21:00,0,0.0064,-0.0126,,27.8884,6.8544,-0.0473,68.0889,9.7137,6.3409,-5459.5,15.69
2008-10-12 03:28:00,0,2.1927,-0.013,,29.2027,6.1039,-0.8042,72.6667,8.3267,8.0469,-5351.75,15.75
2008-10-12 08:19:00,0,3.6664,-0.0126,,30.1288,3.6807,-0.1419,69.3778,8.6384,5.6297,-6514.5,15.63
2008-10-12 18:47:00,0,1.4845,-0.0122,,52.4053,6.1176,-0.1419,69.9333,9.193,6.7492,-5227.5,15.63
2008-10-13 03:34:00,0,-5.0355,-0.0126,0.0126,36.5442,3.7746,0.0,70.4333,9.193,5.3448,-5874.25,15.57
2008-10-13 03:53:00,0,-3.1427,-0.0097,,54.7804,4.191,0.0,74.7444,9.004,7.1847,-5626.0,15.57
2008-10-13 11:27:00,0,-0.6236,-0.0141,,54.4651,2.542,-1.088,70.4444,8.8973,6.1699,-5100.0,15.58
2008-10-13 12:18:00,0,-0.0445,-0.0137,0.0364,23.3364,5.4095,0.0,74.8111,8.6691,7.5267,-5473.75,15.57
2008-10-13 14:06:00,0,-1.3327,-0.0117,,64.9573,8.9143,-0.7569,73.3667,8.5615,6.7894,-5569.0,15.54
2008-10-13 14:29:00,0,2.6991,-0.0132,,53.0303,5.1818,-1.277,74.4,8.941,8.2101,-5404.75,15.47
2008-10-13 14:30:00,0,-2.5418,-0.0107,,67.907,3.965,-1.277,72.1111,8.8054,5.178999999999999,-5115.25,15.47
2008-10-13 14:55:00,0,-1.1236,-0.0147,,48.2173,3.8851,-0.7569,72.7444,9.0355,6.2176,-5530.25,15.54
2008-10-13 15:42:00,0,-0.9091,-0.0135,,47.2761,4.2125,-1.088,68.8778,8.6472,5.9428,-5160.75,15.51
2008-10-13 15:42:00,0,-1.7382,-0.0126,,20.6349,8.3401,-1.088,69.8222,9.1526,7.1458,-5200.75,15.51
2008-10-13 16:13:00,0,0.2327,-0.0136,,26.4706,3.0945,-1.088,73.2444,8.7552,5.7606,-5405.5,15.58
2008-10-13 19:17:00,0,-1.3018,-0.0096,,50.9091,5.6614,-1.088,73.4,8.7538,7.819,-5175.5,15.51
2008-10-13 19:36:00,0,-2.8845,-0.0101,,57.2133,2.406,-0.8988,73.6444,9.004,6.4491,-4821.5,15.56
2008-10-13 19:40:00,0,-4.7682,-0.0115,,30.5677,3.8697,-0.8988,73.9444,8.941,6.3801,-5552.0,15.56
2008-10-13 20:10:00,0,3.3573,-0.0099,,62.9442,8.362,-0.9934,72.1556,9.065,7.0746,-5393.5,15.56
2008-10-13 20:30:00,0,-2.6591,-0.009,,43.2133,6.2544,-0.8988,72.6556,7.6032,7.5973,-5304.75,15.56
2008-10-13 20:53:00,0,26.9709,-0.0101,,29.5931,23.1002,-0.8988,73.1111,8.451,8.0467,-5475.0,15.56
2008-10-13 21:20:00,0,0.6055,-0.0116,,64.5161,4.2645,-0.8988,73.6333,9.4749,6.4327,-5591.75,15.56
2008-10-13 21:47:00,0,4.7545,-0.0091,,39.4521,6.2911,-0.8988,72.0778,8.9605,7.6244,-5592.25,15.56
2008-10-13 21:57:00,0,-0.2709,-0.0098,,35.8056,3.3925,-0.9934,72.5667,8.7552,7.9792,-5394.25,15.56
2008-10-13 22:48:00,0,-2.8555,-0.0109,,51.3761,3.5169,-1.277,66.7222,8.7326,5.6773,-6476.25,15.47
2008-10-13 22:54:00,0,3.8873,-0.0118,,55.9322,3.8958,-0.8988,74.3889,8.5508,5.0034,-6062.25,15.56
2008-10-14 00:35:00,0,-3.2373,-0.0101,,52.6708,4.4719,0.0,71.1778,8.1605,7.5403,-6592.25,15.73
2008-10-14 03:21:00,0,-1.1627,-0.0125,0.0186,32.7345,3.975,-0.8988,71.2,9.193,6.354,-5526.75,15.56
2008-10-14 03:28:00,0,-0.7418,-0.0108,,43.418,6.7855,-0.8988,73.2667,8.7164,6.6487,-4939.0,15.56
2008-10-14 03:35:00,0,-6.7227,-0.0129,,27.9612,5.315,-1.277,74.0444,9.004,7.5373,-5631.0,15.47
2008-10-14 13:13:00,0,0.4445,-0.0102,,52.0885,5.0272,-0.7709,72.4,8.7512,6.7892,-5734.75,15.81
2008-10-14 13:16:00,0,-1.5091,-0.0092,,23.816,6.8431,-0.7709,69.9667,8.3823,6.6894,-5554.75,15.81
2008-10-14 14:07:00,0,2.44,-0.0098,,45.6853,6.0401,-0.7709,73.9222,8.3845,7.4166,-5695.0,15.81
2008-10-14 14:15:00,0,-3.45,-0.0143,,26.4808,5.9053,-0.7569,74.5889,8.886000000000001,7.5951,-6254.25,15.54
2008-10-14 14:43:00,0,4.9209,-0.012,,24.948,5.3264,-0.7709,74.1444,9.152,7.9323,-6354.5,15.81
2008-10-14 17:36:00,0,-4.6173,-0.0094,,58.5885,5.0841,-0.0946,73.5667,8.886000000000001,5.0832,-6330.5,15.77
2008-10-14 19:15:00,0,-1.65,-0.0136,,40.5157,4.5493,-0.0946,75.0333,9.004,6.444,-5594.75,15.77
2008-10-14 20:01:00,0,-2.9818,-0.0122,,18.8139,4.622,-0.7709,73.0,8.7552,6.3746,-5093.75,15.81
2008-10-14 20:30:00,0,2.0318,-0.0101,,23.7037,4.3582,0.6623,72.3,8.7512,7.8022,-5193.25,15.77
2008-10-14 20:48:00,0,-0.2255,-0.0112,,26.8757,4.012,-0.0946,73.4556,8.941,7.4119,-5465.75,15.77
2008-10-14 21:36:00,0,-2.0455,-0.013,,31.5082,5.1566,-0.1892,72.0,9.065,6.0673,-5097.0,15.73
2008-10-14 23:07:00,0,0.9027,-0.0097,,50.2564,3.8619,0.6623,70.5111,8.6384,5.3660000000000005,-6427.5,15.77
2008-10-15 00:03:00,0,-4.8809,-0.0091,,50.4801,5.8979,-0.8515,71.9333,8.9605,9.0924,-5321.75,15.72
2008-10-15 00:27:00,0,-3.88,-0.0122,,36.999,4.8058,-0.9461,72.7556,8.3675,7.4903,-5153.5,15.73
2008-10-15 00:47:00,0,4.7573,-0.0095,,42.0499,6.981,0.6623,71.1444,8.8054,7.1218,-5370.25,15.77
2008-10-15 01:52:00,0,-5.0918,-0.0126,0.0152,31.8091,6.4652,-0.8515,70.8778,8.8331,6.8619,-5488.5,15.72
2008-10-15 01:52:00,0,-0.6345,-0.0103,,40.0,4.1859,-0.0946,74.5778,9.2189,7.9629,-5475.0,15.77
2008-10-15 01:52:00,0,-4.7227,-0.0122,,36.0287,4.6571,0.6623,73.6556,8.7786,8.3869,-5868.25,15.77
2008-10-15 02:40:00,0,-2.0164,-0.0122,0.0161,49.0296,7.1862,-0.0946,72.2333,9.4749,7.6205,-5372.0,15.77
2008-10-15 02:40:00,0,-0.3773,-0.0111,,38.7824,5.0724,0.6623,67.9,8.7326,7.987,-5468.5,15.77
2008-10-15 02:42:00,1,2.8691,0.0016,,244.2748,9.6984,0.3784,72.5,8.6695,6.8321,-5575.0,15.73
2008-10-15 03:24:00,0,-3.9073,-0.0124,,55.81399999999999,6.9496,-0.0946,72.7556,9.152,6.3454,-6247.0,15.77
2008-10-15 04:08:00,0,-2.0718,-0.012,,32.4662,5.7777,-0.7709,71.3889,8.8054,7.132000000000001,-5233.25,15.81
2008-10-15 05:13:00,0,1.3464,-0.01,,47.0588,5.3484,0.0,72.1556,8.7164,6.7639,-5366.25,15.87
2008-10-15 05:16:00,0,-1.8045,-0.0086,,42.0438,7.2043,-0.1892,74.7778,8.6024,6.6992,-6458.0,15.73
2008-10-15 06:49:00,0,-4.4309,-0.011,,26.2741,7.3228,-1.088,72.9667,8.3271,8.4078,-5641.25,15.75
2008-10-15 07:36:00,0,-2.1155,-0.0118,,47.6089,4.6677,-1.088,72.7889,7.6032,5.7323,-5138.5,15.75
2008-10-15 07:55:00,0,-3.6509,-0.0125,,39.9202,3.9068,-1.088,71.7,8.3271,6.2494,-5587.0,15.75
2008-10-15 08:21:00,0,-2.5382,-0.013,,30.8582,6.2289,-1.088,74.3667,9.2189,8.1182,-5566.0,15.75
2008-10-15 09:11:00,0,4.4209,-0.0091,,55.0206,5.5992,-0.0946,72.4889,8.7552,9.2874,-5337.0,15.77
2008-10-15 10:00:00,0,0.5773,-0.0111,,21.646,5.9787,-0.8988,75.5778,8.4768,6.9072,-6393.5,15.75
2008-10-15 12:53:00,0,-0.1882,-0.0094,,35.9788,4.4714,-0.9934,72.2778,9.065,5.9,-5822.75,15.72
2008-10-15 13:14:00,0,-2.2382,-0.0109,,43.2184,5.1526,-0.0946,72.2667,8.7512,5.7998,-5442.25,15.77
2008-10-15 13:16:00,0,-1.1655,-0.0156,,32.7185,2.7756,-0.5677,69.0222,9.7137,5.8631,-5275.5,15.76
2008-10-15 14:08:00,0,-0.4527,-0.0104,0.0169,29.8795,5.7777,-0.9934,71.2556,9.152,5.8218,-5670.5,15.72
2008-10-15 15:11:00,0,-3.8991,-0.0135,,32.4723,4.1392,-0.9934,75.1778,9.004,5.4053,-5713.0,15.72
2008-10-15 16:24:00,0,1.5118,-0.0115,,27.0153,5.0366,-0.9934,75.1222,8.4597,6.6226,-5455.75,15.72
2008-10-15 17:19:00,0,-2.3127,-0.0102,,61.0086,4.7977,-0.9934,74.4667,8.5615,8.7002,-5300.5,15.72
2008-10-15 18:16:00,0,0.6482,-0.0108,,38.934,4.9008,-0.5677,74.8556,8.5529,5.8779,-6430.25,15.76
2008-10-15 19:15:00,0,-4.3518,-0.0097,,36.036,5.9175,-0.9934,73.6,8.947000000000001,7.8757,-5219.5,15.72
2008-10-15 19:24:00,0,5.9282,-0.011,,45.3001,4.936,-0.9934,73.0222,8.3271,5.5561,-5638.25,15.72
2008-10-15 21:44:00,0,5.6382,-0.0091,,49.3827,7.1516,-0.9934,72.2444,8.7609,7.2133,-5685.5,15.72
2008-10-15 22:45:00,0,-3.1818,-0.0095,,46.3768,6.16,-0.9934,73.2556,8.3267,8.8926,-5281.0,15.72
2008-10-15 22:54:00,0,3.6809,-0.0123,,41.5902,3.5974,0.0,69.8111,8.6382,4.8908,-5223.25,15.93
2008-10-15 23:00:00,0,5.6627,-0.0141,,25.6,3.4727,0.0,70.2444,8.6382,5.8961,-6424.25,15.93
2008-10-15 23:45:00,0,3.2882,-0.0134,,23.221,2.8136,0.0,70.8333,8.6382,5.3304,-5756.5,15.93
2008-10-16 02:16:00,0,4.6964,-0.0138,,44.0831,4.1743,0.0,72.8556,8.1728,6.1135,-5338.75,15.67
2008-10-16 02:16:00,0,-2.4436,-0.0127,,37.684,5.0766,0.0,71.0444,8.1728,7.3467,-5056.25,15.67
2008-10-16 02:17:00,0,1.5645,-0.0117,,30.0107,6.6138,-0.5677,72.6,8.7164,4.885,-5222.0,15.76
2008-10-16 02:22:00,0,2.9545,-0.0139999999999999,,35.094,5.7415,0.0,72.3444,8.1728,5.8635,-6457.75,15.67
2008-10-16 02:55:00,0,-4.99,-0.011,,31.7101,4.3431,-0.8515,73.2333,13.5481,6.2058,-5491.75,15.72
2008-10-16 03:56:00,0,3.0682,-0.009,,42.1053,4.9841,-0.5677,72.3333,8.9605,7.3852,-5727.0,15.76
2008-10-16 04:02:00,0,2.9691,-0.0103,,36.715,3.4776,0.0,73.1444,8.7552,6.8537,-5073.5,15.67
2008-10-16 04:02:00,0,2.3318,-0.0107,,40.0932,5.6591,-0.1419,69.5,8.1605,7.4274,-6416.25,15.87
2008-10-16 04:04:00,0,2.8009,-0.0136,,37.4312,4.0832,0.0,69.5889,8.5494,5.7768,-6456.25,15.93
2008-10-16 04:47:00,0,1.5745,-0.0102,,46.022,3.3971,-0.1419,72.4889,8.7512,6.3127,-4958.0,15.87
2008-10-16 04:50:00,0,-2.7673,-0.0109,,21.9931,5.7891,-0.1419,73.2222,9.2189,8.0658,-5083.25,15.87
2008-10-16 04:54:00,0,-2.3109,-0.0103,,46.6586,4.3482,0.0,71.9111,9.065,5.8205,-5735.25,15.67
2008-10-16 05:08:00,0,0.0627,-0.0099,,55.4855,2.6068,-0.1419,71.4222,8.3267,5.5391,-6020.75,15.87
2008-10-16 05:13:00,0,5.9345,-0.0104,,44.9761,3.6369,-0.8515,72.3778,8.4509,5.737,-6499.0,15.72
2008-10-16 05:44:00,0,-3.1909,-0.0104,,88.6747,5.9387,-0.8515,73.0222,8.7786,8.7513,-5427.75,15.72
2008-10-16 05:58:00,0,3.4827,-0.0114,,49.9452,2.4138,-0.8515,66.6111,8.436,5.0416,-6424.25,15.72
2008-10-16 15:02:00,0,4.6227,-0.0134,,38.2022,3.6709,,73.3444,8.1728,7.0816,-5357.0,
2008-10-16 15:13:00,0,2.8182,-0.0094,,53.1915,4.4358,0.0,71.1444,8.7164,7.5769,-5418.75,15.67
2008-10-16 20:49:00,0,-3.3555,-0.0116,,29.4372,6.5896,-0.1419,72.8444,8.9607,6.4134,-6408.75,15.87
2008-10-17 05:26:00,0,1.1664,-0.0142,,54.833,3.4878,,71.2667,8.1728,6.9172,-5153.25,
2008-10-17 06:01:00,0,4.4682,-0.0087,,78.4993,7.6907,-0.9934,70.5111,9.193,7.5822,-5271.75,15.72
2008-10-17 06:07:00,0,1.8718,-0.0102,,75.8621,9.7475,,73.0667,8.7786,8.3205,-5319.5,
